"iso2","year","number_firms"
"AD",2000,10
"AD",2001,10
"AD",2002,11
"AD",2003,11
"AD",2004,11
"AD",2005,11
"AD",2006,11
"AD",2007,11
"AD",2008,11
"AD",2009,11
"AD",2010,11
"AD",2011,11
"AD",2012,11
"AD",2013,11
"AD",2014,11
"AD",2015,11
"AD",2016,11
"AD",2017,11
"AD",2018,11
"AD",2019,11
"AD",2020,10
"AD",2021,10
"AD",2022,10
"AE",2000,140810
"AE",2001,152057
"AE",2002,165933
"AE",2003,182399
"AE",2004,200726
"AE",2005,219926
"AE",2006,241336
"AE",2007,265937
"AE",2008,291678
"AE",2009,313282
"AE",2010,338210
"AE",2011,364205
"AE",2012,393366
"AE",2013,421978
"AE",2014,454643
"AE",2015,488928
"AE",2016,522718
"AE",2017,556016
"AE",2018,594733
"AE",2019,658723
"AE",2020,666405
"AE",2021,675853
"AE",2022,675709
"AF",2000,11
"AF",2001,13
"AF",2002,16
"AF",2003,19
"AF",2004,21
"AF",2005,23
"AF",2006,26
"AF",2007,27
"AF",2008,27
"AF",2009,29
"AF",2010,9189
"AF",2011,11492
"AF",2012,11504
"AF",2013,11504
"AF",2014,11504
"AF",2015,11504
"AF",2016,11504
"AF",2017,11504
"AF",2018,11504
"AF",2019,11504
"AF",2020,11504
"AF",2021,11504
"AF",2022,11504
"AG",2000,7
"AG",2001,7
"AG",2002,7
"AG",2003,7
"AG",2004,7
"AG",2005,7
"AG",2006,8
"AG",2007,8
"AG",2008,8
"AG",2009,8
"AG",2010,8
"AG",2011,8
"AG",2012,8
"AG",2013,8
"AG",2014,8
"AG",2015,8
"AG",2016,8
"AG",2017,8
"AG",2018,8
"AG",2019,8
"AG",2020,8
"AG",2021,8
"AG",2022,8
"AL",2000,16631
"AL",2001,18800
"AL",2002,20822
"AL",2003,27622
"AL",2004,30805
"AL",2005,33971
"AL",2006,38823
"AL",2007,43541
"AL",2008,47764
"AL",2009,50681
"AL",2010,53978
"AL",2011,57298
"AL",2012,60801
"AL",2013,62530
"AL",2014,67250
"AL",2015,96654
"AL",2016,111482
"AL",2017,128489
"AL",2018,138784
"AL",2019,130090
"AL",2020,142977
"AL",2021,158742
"AL",2022,164713
"AM",2000,62195
"AM",2001,67550
"AM",2002,74705
"AM",2003,83208
"AM",2004,90779
"AM",2005,98651
"AM",2006,108175
"AM",2007,122381
"AM",2008,139544
"AM",2009,152113
"AM",2010,164597
"AM",2011,177326
"AM",2012,193619
"AM",2013,210501
"AM",2014,227071
"AM",2015,244545
"AM",2016,261057
"AM",2017,280211
"AM",2018,303132
"AM",2019,325197
"AM",2020,349030
"AM",2021,325353
"AM",2022,279491
"AO",2000,227
"AO",2001,253
"AO",2002,273
"AO",2003,292
"AO",2004,318
"AO",2005,355
"AO",2006,381
"AO",2007,399
"AO",2008,418
"AO",2009,425
"AO",2010,428
"AO",2011,430
"AO",2012,431
"AO",2013,434
"AO",2014,434
"AO",2015,437
"AO",2016,438
"AO",2017,438
"AO",2018,439
"AO",2019,440
"AO",2020,440
"AO",2021,440
"AO",2022,440
"AR",2000,4141
"AR",2001,4290
"AR",2002,4414
"AR",2003,4541
"AR",2004,4674
"AR",2005,4779
"AR",2006,4887
"AR",2007,4980
"AR",2008,5038
"AR",2009,5095
"AR",2010,5152
"AR",2011,5188
"AR",2012,5225
"AR",2013,5243
"AR",2014,5253
"AR",2015,5262
"AR",2016,5285
"AR",2017,5301
"AR",2018,5233
"AR",2019,5240
"AR",2020,5240
"AR",2021,5241
"AR",2022,5240
"AT",2000,127843
"AT",2001,138350
"AT",2002,149471
"AT",2003,161452
"AT",2004,174573
"AT",2005,189643
"AT",2006,204741
"AT",2007,222017
"AT",2008,267276
"AT",2009,289459
"AT",2010,312384
"AT",2011,335547
"AT",2012,361178
"AT",2013,392483
"AT",2014,425473
"AT",2015,459325
"AT",2016,491355
"AT",2017,524101
"AT",2018,557794
"AT",2019,595195
"AT",2020,619049
"AT",2021,651170
"AT",2022,653599
"AU",2000,791070
"AU",2001,846120
"AU",2002,920166
"AU",2003,1009337
"AU",2004,1107710
"AU",2005,1205320
"AU",2006,1273965
"AU",2007,1389729
"AU",2008,1482476
"AU",2009,1574758
"AU",2010,1668758
"AU",2011,1764198
"AU",2012,1870327
"AU",2013,1988938
"AU",2014,2129366
"AU",2015,2317358
"AU",2016,2529782
"AU",2017,2643242
"AU",2018,2743210
"AU",2019,2833400
"AU",2020,2930540
"AU",2021,3099302
"AU",2022,3084472
"AZ",2000,14536
"AZ",2001,16092
"AZ",2002,17944
"AZ",2003,20423
"AZ",2004,24747
"AZ",2005,29400
"AZ",2006,33480
"AZ",2007,37664
"AZ",2008,43259
"AZ",2009,47782
"AZ",2010,51262
"AZ",2011,55403
"AZ",2012,59943
"AZ",2013,66663
"AZ",2014,73274
"AZ",2015,78190
"AZ",2016,85009
"AZ",2017,95145
"AZ",2018,106189
"AZ",2019,121932
"AZ",2020,131108
"AZ",2021,141158
"AZ",2022,140830
"BA",2000,5098
"BA",2001,8023
"BA",2002,12344
"BA",2003,13364
"BA",2004,14292
"BA",2005,15301
"BA",2006,18445
"BA",2007,20040
"BA",2008,21134
"BA",2009,22585
"BA",2010,23834
"BA",2011,24729
"BA",2012,25575
"BA",2013,26195
"BA",2014,27012
"BA",2015,31560
"BA",2016,33520
"BA",2017,35742
"BA",2018,37676
"BA",2019,39518
"BA",2020,40231
"BA",2021,41531
"BA",2022,41250
"BB",2000,15877
"BB",2001,17133
"BB",2002,18234
"BB",2003,19462
"BB",2004,20900
"BB",2005,22597
"BB",2006,24303
"BB",2007,25958
"BB",2008,27620
"BB",2009,28930
"BB",2010,30267
"BB",2011,31595
"BB",2012,32802
"BB",2013,34053
"BB",2014,35358
"BB",2015,36638
"BB",2016,37873
"BB",2017,39002
"BB",2018,39750
"BB",2019,39750
"BB",2020,39750
"BB",2021,39750
"BB",2022,39750
"BD",2000,328
"BD",2001,344
"BD",2002,366
"BD",2003,382
"BD",2004,398
"BD",2005,407
"BD",2006,423
"BD",2007,440
"BD",2008,450
"BD",2009,464
"BD",2010,485
"BD",2011,493
"BD",2012,501
"BD",2013,512
"BD",2014,519
"BD",2015,521
"BD",2016,525
"BD",2017,525
"BD",2018,525
"BD",2019,527
"BD",2020,527
"BD",2021,528
"BD",2022,528
"BE",2000,754199
"BE",2001,795471
"BE",2002,838515
"BE",2003,883898
"BE",2004,933346
"BE",2005,989351
"BE",2006,1052294
"BE",2007,1124028
"BE",2008,1197278
"BE",2009,1268672
"BE",2010,1349867
"BE",2011,1437078
"BE",2012,1521692
"BE",2013,1596107
"BE",2014,1680728
"BE",2015,1762975
"BE",2016,1812006
"BE",2017,1857813
"BE",2018,1927015
"BE",2019,2004165
"BE",2020,2042640
"BE",2021,2118475
"BE",2022,2106765
"BF",2000,62
"BF",2001,74
"BF",2002,85
"BF",2003,98
"BF",2004,106
"BF",2005,121
"BF",2006,137
"BF",2007,146
"BF",2008,163
"BF",2009,178
"BF",2010,194
"BF",2011,214
"BF",2012,279
"BF",2013,296
"BF",2014,363
"BF",2015,606
"BF",2016,635
"BF",2017,2970
"BF",2018,5315
"BF",2019,8973
"BF",2020,13092
"BF",2021,16590
"BF",2022,16590
"BG",2000,304392
"BG",2001,343179
"BG",2002,370504
"BG",2003,401775
"BG",2004,437960
"BG",2005,524465
"BG",2006,608091
"BG",2007,693432
"BG",2008,792624
"BG",2009,879700
"BG",2010,946824
"BG",2011,1021958
"BG",2012,1100333
"BG",2013,1153577
"BG",2014,1197634
"BG",2015,1249976
"BG",2016,1321697
"BG",2017,1389022
"BG",2018,1450054
"BG",2019,1507149
"BG",2020,1544477
"BG",2021,1591771
"BG",2022,1607216
"BH",2000,14646
"BH",2001,15535
"BH",2002,16693
"BH",2003,18168
"BH",2004,19697
"BH",2005,21964
"BH",2006,24681
"BH",2007,27664
"BH",2008,30720
"BH",2009,33487
"BH",2010,36728
"BH",2011,38744
"BH",2012,40524
"BH",2013,42650
"BH",2014,45120
"BH",2015,47863
"BH",2016,58401
"BH",2017,65421
"BH",2018,69427
"BH",2019,75930
"BH",2020,81821
"BH",2021,83605
"BH",2022,82908
"BI",2000,50
"BI",2001,52
"BI",2002,57
"BI",2003,58
"BI",2004,60
"BI",2005,62
"BI",2006,64
"BI",2007,67
"BI",2008,71
"BI",2009,73
"BI",2010,74
"BI",2011,84
"BI",2012,88
"BI",2013,89
"BI",2014,92
"BI",2015,94
"BI",2016,96
"BI",2017,97
"BI",2018,101
"BI",2019,101
"BI",2020,101
"BI",2021,103
"BI",2022,103
"BJ",2000,299
"BJ",2001,324
"BJ",2002,376
"BJ",2003,436
"BJ",2004,476
"BJ",2005,526
"BJ",2006,587
"BJ",2007,712
"BJ",2008,821
"BJ",2009,967
"BJ",2010,1115
"BJ",2011,1305
"BJ",2012,1470
"BJ",2013,3498
"BJ",2014,3510
"BJ",2015,3523
"BJ",2016,3534
"BJ",2017,5221
"BJ",2018,5947
"BJ",2019,5951
"BJ",2020,5952
"BJ",2021,5959
"BJ",2022,5958
"BN",2000,5188
"BN",2001,5412
"BN",2002,5697
"BN",2003,6006
"BN",2004,6276
"BN",2005,6650
"BN",2006,6985
"BN",2007,7313
"BN",2008,7648
"BN",2009,7966
"BN",2010,8356
"BN",2011,8741
"BN",2012,9226
"BN",2013,9707
"BN",2014,10176
"BN",2015,10184
"BN",2016,10184
"BN",2017,10184
"BN",2018,10185
"BN",2019,10185
"BN",2020,10186
"BN",2021,10186
"BN",2022,10186
"BO",2000,41708
"BO",2001,44416
"BO",2002,47978
"BO",2003,51662
"BO",2004,56069
"BO",2005,62058
"BO",2006,69377
"BO",2007,77769
"BO",2008,86423
"BO",2009,98317
"BO",2010,111011
"BO",2011,124507
"BO",2012,149118
"BO",2013,210206
"BO",2014,251941
"BO",2015,271618
"BO",2016,279065
"BO",2017,280383
"BO",2018,298354
"BO",2019,311133
"BO",2020,311474
"BO",2021,119814
"BO",2022,119814
"BR",2000,4954816
"BR",2001,5380684
"BR",2002,5794465
"BR",2003,6239939
"BR",2004,6677470
"BR",2005,7148287
"BR",2006,7781911
"BR",2007,8400866
"BR",2008,9056595
"BR",2009,9787403
"BR",2010,11117527
"BR",2011,12648286
"BR",2012,14223619
"BR",2013,15983284
"BR",2014,17851129
"BR",2015,19925144
"BR",2016,21432316
"BR",2017,22846844
"BR",2018,24657741
"BR",2019,25343123
"BR",2020,28168411
"BR",2021,31295032
"BR",2022,30938085
"BS",2000,83
"BS",2001,84
"BS",2002,86
"BS",2003,88
"BS",2004,89
"BS",2005,90
"BS",2006,93
"BS",2007,94
"BS",2008,95
"BS",2009,98
"BS",2010,98
"BS",2011,99
"BS",2012,100
"BS",2013,100
"BS",2014,100
"BS",2015,100
"BS",2016,100
"BS",2017,99
"BS",2018,99
"BS",2019,90
"BS",2020,89
"BS",2021,86
"BS",2022,86
"BT",2000,12
"BT",2001,13
"BT",2002,13
"BT",2003,13
"BT",2004,13
"BT",2005,15
"BT",2006,15
"BT",2007,15
"BT",2008,15
"BT",2009,16
"BT",2010,18
"BT",2011,18
"BT",2012,18
"BT",2013,19
"BT",2014,19
"BT",2015,20
"BT",2016,20
"BT",2017,20
"BT",2018,20
"BT",2019,20
"BT",2020,20
"BT",2021,20
"BT",2022,20
"BW",2000,9350
"BW",2001,10337
"BW",2002,11443
"BW",2003,13216
"BW",2004,15004
"BW",2005,16570
"BW",2006,18430
"BW",2007,20621
"BW",2008,22995
"BW",2009,26064
"BW",2010,29945
"BW",2011,33953
"BW",2012,39118
"BW",2013,44528
"BW",2014,50969
"BW",2015,59646
"BW",2016,71488
"BW",2017,83276
"BW",2018,96080
"BW",2019,117452
"BW",2020,149063
"BW",2021,197575
"BW",2022,199222
"BY",2000,55510
"BY",2001,63817
"BY",2002,70838
"BY",2003,78968
"BY",2004,85969
"BY",2005,93902
"BY",2006,103460
"BY",2007,124698
"BY",2008,143275
"BY",2009,168891
"BY",2010,192344
"BY",2011,217591
"BY",2012,249247
"BY",2013,286809
"BY",2014,314043
"BY",2015,337081
"BY",2016,359563
"BY",2017,389168
"BY",2018,423003
"BY",2019,445718
"BY",2020,449997
"BY",2021,446722
"BY",2022,415451
"BZ",2000,11
"BZ",2001,11
"BZ",2002,12
"BZ",2003,12
"BZ",2004,12
"BZ",2005,12
"BZ",2006,12
"BZ",2007,13
"BZ",2008,13
"BZ",2009,13
"BZ",2010,13
"BZ",2011,13
"BZ",2012,13
"BZ",2013,14
"BZ",2014,14
"BZ",2015,14
"BZ",2016,14
"BZ",2017,14
"BZ",2018,14
"BZ",2019,44720
"BZ",2020,35768
"BZ",2021,35323
"BZ",2022,35323
"CA",2000,216417
"CA",2001,217917
"CA",2002,228299
"CA",2003,235566
"CA",2004,242285
"CA",2005,235859
"CA",2006,242167
"CA",2007,250307
"CA",2008,260867
"CA",2009,269406
"CA",2010,284033
"CA",2011,304860
"CA",2012,323136
"CA",2013,341265
"CA",2014,364140
"CA",2015,384334
"CA",2016,394396
"CA",2017,412444
"CA",2018,438158
"CA",2019,460531
"CA",2020,492178
"CA",2021,489718
"CA",2022,489356
"CD",2000,80
"CD",2001,85
"CD",2002,96
"CD",2003,104
"CD",2004,121
"CD",2005,125
"CD",2006,129
"CD",2007,135
"CD",2008,144
"CD",2009,159
"CD",2010,166
"CD",2011,172
"CD",2012,188
"CD",2013,3834
"CD",2014,26871
"CD",2015,38421
"CD",2016,47951
"CD",2017,57206
"CD",2018,66958
"CD",2019,78282
"CD",2020,89384
"CD",2021,99481
"CD",2022,99481
"CF",2000,9
"CF",2001,9
"CF",2002,9
"CF",2003,9
"CF",2004,10
"CF",2005,11
"CF",2006,11
"CF",2007,12
"CF",2008,13
"CF",2009,13
"CF",2010,13
"CF",2011,13
"CF",2012,13
"CF",2013,13
"CF",2014,15
"CF",2015,15
"CF",2016,16
"CF",2017,16
"CF",2018,17
"CF",2019,17
"CF",2020,17
"CF",2021,17
"CF",2022,17
"CG",2000,98
"CG",2001,113
"CG",2002,129
"CG",2003,142
"CG",2004,159
"CG",2005,172
"CG",2006,182
"CG",2007,196
"CG",2008,217
"CG",2009,240
"CG",2010,252
"CG",2011,272
"CG",2012,288
"CG",2013,312
"CG",2014,332
"CG",2015,342
"CG",2016,354
"CG",2017,372
"CG",2018,404
"CG",2019,584
"CG",2020,773
"CG",2021,959
"CG",2022,978
"CH",2000,235524
"CH",2001,252753
"CH",2002,269771
"CH",2003,288062
"CH",2004,308860
"CH",2005,330218
"CH",2006,353190
"CH",2007,379605
"CH",2008,408550
"CH",2009,437835
"CH",2010,471134
"CH",2011,508408
"CH",2012,547452
"CH",2013,578862
"CH",2014,591968
"CH",2015,604085
"CH",2016,615847
"CH",2017,630059
"CH",2018,643199
"CH",2019,657561
"CH",2020,672935
"CH",2021,694847
"CH",2022,687508
"CI",2000,511
"CI",2001,541
"CI",2002,571
"CI",2003,601
"CI",2004,629
"CI",2005,672
"CI",2006,718
"CI",2007,766
"CI",2008,821
"CI",2009,873
"CI",2010,920
"CI",2011,982
"CI",2012,1063
"CI",2013,1987
"CI",2014,5098
"CI",2015,10528
"CI",2016,11797
"CI",2017,19624
"CI",2018,21125
"CI",2019,21162
"CI",2020,21198
"CI",2021,22659
"CI",2022,22658
"CL",2000,72785
"CL",2001,80912
"CL",2002,90968
"CL",2003,102454
"CL",2004,114953
"CL",2005,129153
"CL",2006,145260
"CL",2007,162555
"CL",2008,182191
"CL",2009,204077
"CL",2010,230776
"CL",2011,264719
"CL",2012,306547
"CL",2013,357434
"CL",2014,435367
"CL",2015,527481
"CL",2016,620899
"CL",2017,724656
"CL",2018,840168
"CL",2019,961309
"CL",2020,1101015
"CL",2021,1266384
"CL",2022,1300172
"CM",2000,82
"CM",2001,86
"CM",2002,90
"CM",2003,90
"CM",2004,92
"CM",2005,95
"CM",2006,97
"CM",2007,100
"CM",2008,102
"CM",2009,103
"CM",2010,103
"CM",2011,104
"CM",2012,104
"CM",2013,104
"CM",2014,104
"CM",2015,104
"CM",2016,104
"CM",2017,104
"CM",2018,105
"CM",2019,98
"CM",2020,98
"CM",2021,98
"CM",2022,98
"CN",2000,1874412
"CN",2001,2238439
"CN",2002,2694059
"CN",2003,3271439
"CN",2004,3915266
"CN",2005,4608436
"CN",2006,5373019
"CN",2007,6244794
"CN",2008,7223056
"CN",2009,8454516
"CN",2010,9983307
"CN",2011,11827071
"CN",2012,13822874
"CN",2013,16426482
"CN",2014,20075103
"CN",2015,24473573
"CN",2016,30339284
"CN",2017,36170474
"CN",2018,42530381
"CN",2019,45946892
"CN",2020,42621011
"CN",2021,42625750
"CN",2022,42625499
"CO",2000,280755
"CO",2001,326132
"CO",2002,375869
"CO",2003,432023
"CO",2004,502481
"CO",2005,582899
"CO",2006,664516
"CO",2007,757497
"CO",2008,863805
"CO",2009,975770
"CO",2010,1093212
"CO",2011,1239272
"CO",2012,1427514
"CO",2013,1613530
"CO",2014,1835190
"CO",2015,2046088
"CO",2016,2271438
"CO",2017,2546497
"CO",2018,2827250
"CO",2019,3114246
"CO",2020,3368685
"CO",2021,3636508
"CO",2022,3695041
"CR",2000,143051
"CR",2001,155282
"CR",2002,167426
"CR",2003,179012
"CR",2004,211098
"CR",2005,250061
"CR",2006,296183
"CR",2007,350887
"CR",2008,404028
"CR",2009,446728
"CR",2010,473836
"CR",2011,486777
"CR",2012,495169
"CR",2013,504577
"CR",2014,515336
"CR",2015,518913
"CR",2016,514213
"CR",2017,513697
"CR",2018,514167
"CR",2019,514294
"CR",2020,514121
"CR",2021,514131
"CR",2022,514131
"CU",2000,5476
"CU",2001,5762
"CU",2002,5978
"CU",2003,6171
"CU",2004,6279
"CU",2005,6384
"CU",2006,6508
"CU",2007,6656
"CU",2008,7023
"CU",2009,7138
"CU",2010,7262
"CU",2011,7389
"CU",2012,7592
"CU",2013,7877
"CU",2014,8080
"CU",2015,8130
"CU",2016,8128
"CU",2017,8129
"CU",2018,8132
"CU",2019,8137
"CU",2020,8138
"CU",2021,8545
"CU",2022,8545
"CV",2000,28
"CV",2001,29
"CV",2002,31
"CV",2003,32
"CV",2004,34
"CV",2005,36
"CV",2006,39
"CV",2007,41
"CV",2008,44
"CV",2009,44
"CV",2010,44
"CV",2011,44
"CV",2012,44
"CV",2013,44
"CV",2014,44
"CV",2015,44
"CV",2016,44
"CV",2017,44
"CV",2018,44
"CV",2019,44
"CV",2020,44
"CV",2021,44
"CV",2022,44
"CY",2000,70744
"CY",2001,76552
"CY",2002,82373
"CY",2003,89190
"CY",2004,97674
"CY",2005,108287
"CY",2006,125424
"CY",2007,148994
"CY",2008,169501
"CY",2009,184136
"CY",2010,201681
"CY",2011,219945
"CY",2012,237417
"CY",2013,248511
"CY",2014,259604
"CY",2015,268743
"CY",2016,253592
"CY",2017,261920
"CY",2018,231600
"CY",2019,240293
"CY",2020,249382
"CY",2021,259512
"CY",2022,248065
"CZ",2000,631751
"CZ",2001,666051
"CZ",2002,701103
"CZ",2003,742145
"CZ",2004,778743
"CZ",2005,813943
"CZ",2006,853508
"CZ",2007,904369
"CZ",2008,960249
"CZ",2009,1016607
"CZ",2010,1077142
"CZ",2011,1137593
"CZ",2012,1195098
"CZ",2013,1247161
"CZ",2014,1288828
"CZ",2015,1358575
"CZ",2016,1428628
"CZ",2017,1469001
"CZ",2018,1508595
"CZ",2019,1480026
"CZ",2020,1511429
"CZ",2021,1541477
"CZ",2022,1512085
"DE",2000,823350
"DE",2001,874763
"DE",2002,926410
"DE",2003,979775
"DE",2004,1036332
"DE",2005,1097687
"DE",2006,1165944
"DE",2007,1237514
"DE",2008,1306758
"DE",2009,1386013
"DE",2010,1469033
"DE",2011,1546952
"DE",2012,1617053
"DE",2013,1654887
"DE",2014,1711271
"DE",2015,1766009
"DE",2016,1789719
"DE",2017,1835739
"DE",2018,1893040
"DE",2019,1937496
"DE",2020,2001942
"DE",2021,2080481
"DE",2022,2064524
"DJ",2000,87
"DJ",2001,91
"DJ",2002,93
"DJ",2003,95
"DJ",2004,99
"DJ",2005,110
"DJ",2006,123
"DJ",2007,130
"DJ",2008,143
"DJ",2009,166
"DJ",2010,177
"DJ",2011,183
"DJ",2012,188
"DJ",2013,190
"DJ",2014,196
"DJ",2015,198
"DJ",2016,205
"DJ",2017,214
"DJ",2018,217
"DJ",2019,223
"DJ",2020,223
"DJ",2021,324
"DJ",2022,325
"DK",2000,223541
"DK",2001,239443
"DK",2002,255950
"DK",2003,274345
"DK",2004,296463
"DK",2005,323715
"DK",2006,361545
"DK",2007,404464
"DK",2008,444180
"DK",2009,479430
"DK",2010,522110
"DK",2011,568963
"DK",2012,617025
"DK",2013,658787
"DK",2014,710854
"DK",2015,776978
"DK",2016,841897
"DK",2017,873928
"DK",2018,904581
"DK",2019,935341
"DK",2020,967282
"DK",2021,991165
"DK",2022,963824
"DM",2000,3
"DM",2001,3
"DM",2002,3
"DM",2003,3
"DM",2004,3
"DM",2005,3
"DM",2006,3
"DM",2007,3
"DM",2008,3
"DM",2009,3
"DM",2010,3
"DM",2011,3
"DM",2012,3
"DM",2013,3
"DM",2014,3
"DM",2015,3
"DM",2016,3
"DM",2017,3
"DM",2018,3
"DM",2019,3
"DM",2020,3
"DM",2021,3
"DM",2022,3
"DO",2000,24427
"DO",2001,27190
"DO",2002,31350
"DO",2003,36165
"DO",2004,42332
"DO",2005,49794
"DO",2006,57767
"DO",2007,66824
"DO",2008,74845
"DO",2009,80041
"DO",2010,87834
"DO",2011,96879
"DO",2012,106556
"DO",2013,117592
"DO",2014,129295
"DO",2015,141585
"DO",2016,143960
"DO",2017,143953
"DO",2018,143953
"DO",2019,143950
"DO",2020,143950
"DO",2021,143949
"DO",2022,143949
"DZ",2000,273998
"DZ",2001,317007
"DZ",2002,359804
"DZ",2003,406987
"DZ",2004,457371
"DZ",2005,517057
"DZ",2006,575723
"DZ",2007,634564
"DZ",2008,699839
"DZ",2009,780774
"DZ",2010,871484
"DZ",2011,1038544
"DZ",2012,1156914
"DZ",2013,1277975
"DZ",2014,1400078
"DZ",2015,1510705
"DZ",2016,1616611
"DZ",2017,1727583
"DZ",2018,1846038
"DZ",2019,1917245
"DZ",2020,1854309
"DZ",2021,1854309
"DZ",2022,1854309
"EC",2000,15964
"EC",2001,17852
"EC",2002,19899
"EC",2003,22043
"EC",2004,24315
"EC",2005,26959
"EC",2006,29980
"EC",2007,33313
"EC",2008,37276
"EC",2009,41367
"EC",2010,46367
"EC",2011,51949
"EC",2012,58751
"EC",2013,66590
"EC",2014,74656
"EC",2015,82374
"EC",2016,88351
"EC",2017,89664
"EC",2018,90119
"EC",2019,99194
"EC",2020,101334
"EC",2021,101453
"EC",2022,97304
"EE",2000,44365
"EE",2001,52005
"EE",2002,58327
"EE",2003,64839
"EE",2004,72661
"EE",2005,81298
"EE",2006,92147
"EE",2007,103168
"EE",2008,113461
"EE",2009,135354
"EE",2010,151588
"EE",2011,168976
"EE",2012,187497
"EE",2013,203007
"EE",2014,215560
"EE",2015,233749
"EE",2016,247839
"EE",2017,263232
"EE",2018,279273
"EE",2019,299599
"EE",2020,308143
"EE",2021,329647
"EE",2022,333784
"EG",2000,5769
"EG",2001,6044
"EG",2002,6313
"EG",2003,6578
"EG",2004,6882
"EG",2005,7254
"EG",2006,7569
"EG",2007,7966
"EG",2008,8319
"EG",2009,8602
"EG",2010,8954
"EG",2011,9234
"EG",2012,9491
"EG",2013,47417
"EG",2014,57311
"EG",2015,90177
"EG",2016,116235
"EG",2017,124896
"EG",2018,125013
"EG",2019,126843
"EG",2020,126948
"EG",2021,126987
"EG",2022,126987
"ER",2000,10
"ER",2001,11
"ER",2002,12
"ER",2003,14
"ER",2004,14
"ER",2005,14
"ER",2006,15
"ER",2007,15
"ER",2008,16
"ER",2009,16
"ER",2010,17
"ER",2011,17
"ER",2012,17
"ER",2013,17
"ER",2014,17
"ER",2015,17
"ER",2016,18
"ER",2017,18
"ER",2018,18
"ER",2019,18
"ER",2020,18
"ER",2021,18
"ER",2022,18
"ES",2000,679388
"ES",2001,738940
"ES",2002,823938
"ES",2003,899579
"ES",2004,991558
"ES",2005,1086022
"ES",2006,1196344
"ES",2007,1298500
"ES",2008,1404574
"ES",2009,1513558
"ES",2010,1602297
"ES",2011,1713479
"ES",2012,1832207
"ES",2013,1931404
"ES",2014,1987255
"ES",2015,2099014
"ES",2016,2186911
"ES",2017,2284914
"ES",2018,2383183
"ES",2019,2480466
"ES",2020,2557077
"ES",2021,2666725
"ES",2022,2669592
"ET",2000,4215
"ET",2001,4323
"ET",2002,4485
"ET",2003,4774
"ET",2004,5247
"ET",2005,5598
"ET",2006,6049
"ET",2007,6577
"ET",2008,7288
"ET",2009,8137
"ET",2010,9652
"ET",2011,14566
"ET",2012,18770
"ET",2013,25829
"ET",2014,31772
"ET",2015,38430
"ET",2016,45852
"ET",2017,54355
"ET",2018,62192
"ET",2019,71642
"ET",2020,80046
"ET",2021,84103
"ET",2022,84215
"FI",2000,280223
"FI",2001,294820
"FI",2002,310911
"FI",2003,327496
"FI",2004,346198
"FI",2005,366828
"FI",2006,390212
"FI",2007,417294
"FI",2008,445305
"FI",2009,471319
"FI",2010,498766
"FI",2011,527731
"FI",2012,557119
"FI",2013,583005
"FI",2014,608529
"FI",2015,627573
"FI",2016,647584
"FI",2017,647246
"FI",2018,655910
"FI",2019,661101
"FI",2020,665195
"FI",2021,674604
"FI",2022,669116
"FJ",2000,26
"FJ",2001,26
"FJ",2002,26
"FJ",2003,26
"FJ",2004,28
"FJ",2005,29
"FJ",2006,30
"FJ",2007,30
"FJ",2008,30
"FJ",2009,30
"FJ",2010,30
"FJ",2011,29
"FJ",2012,29
"FJ",2013,29
"FJ",2014,29
"FJ",2015,29
"FJ",2016,29
"FJ",2017,29
"FJ",2018,29
"FJ",2019,29
"FJ",2020,29
"FJ",2021,29
"FJ",2022,29
"FM",2000,4
"FM",2001,4
"FM",2002,4
"FM",2003,4
"FM",2004,4
"FM",2005,4
"FM",2006,4
"FM",2007,4
"FM",2008,4
"FM",2009,6
"FM",2010,6
"FM",2011,6
"FM",2012,6
"FM",2013,6
"FM",2014,6
"FM",2015,6
"FM",2016,6
"FM",2017,6
"FM",2018,6
"FM",2019,6
"FM",2020,6
"FM",2021,6
"FM",2022,6
"FR",2000,477123
"FR",2001,516296
"FR",2002,558632
"FR",2003,608063
"FR",2004,669028
"FR",2005,737369
"FR",2006,811671
"FR",2007,897252
"FR",2008,984543
"FR",2009,1071990
"FR",2010,1172070
"FR",2011,1276621
"FR",2012,1374283
"FR",2013,1457887
"FR",2014,1505751
"FR",2015,1517551
"FR",2016,1535988
"FR",2017,1533933
"FR",2018,1523909
"FR",2019,1512883
"FR",2020,1446135
"FR",2021,1398375
"FR",2022,1344087
"GA",2000,134
"GA",2001,146
"GA",2002,161
"GA",2003,170
"GA",2004,177
"GA",2005,188
"GA",2006,198
"GA",2007,205
"GA",2008,214
"GA",2009,223
"GA",2010,232
"GA",2011,242
"GA",2012,255
"GA",2013,262
"GA",2014,269
"GA",2015,281
"GA",2016,289
"GA",2017,299
"GA",2018,306
"GA",2019,310
"GA",2020,311
"GA",2021,312
"GA",2022,312
"GB",2000,601040
"GB",2001,663574
"GB",2002,763296
"GB",2003,896294
"GB",2004,1003636
"GB",2005,1124359
"GB",2006,1268826
"GB",2007,1450309
"GB",2008,1616562
"GB",2009,1816074
"GB",2010,2130995
"GB",2011,2584152
"GB",2012,3081358
"GB",2013,3337972
"GB",2014,3588722
"GB",2015,3833987
"GB",2016,4121725
"GB",2017,4283263
"GB",2018,4495121
"GB",2019,4629499
"GB",2020,4857734
"GB",2021,5190274
"GB",2022,4871667
"GD",2000,5
"GD",2001,5
"GD",2002,5
"GD",2003,5
"GD",2004,6
"GD",2005,6
"GD",2006,6
"GD",2007,6
"GD",2008,6
"GD",2009,6
"GD",2010,6
"GD",2011,6
"GD",2012,6
"GD",2013,6
"GD",2014,6
"GD",2015,6
"GD",2016,6
"GD",2017,6
"GD",2018,6
"GD",2019,6
"GD",2020,6
"GD",2021,6
"GD",2022,6
"GE",2000,110989
"GE",2001,123673
"GE",2002,135496
"GE",2003,147888
"GE",2004,170478
"GE",2005,197557
"GE",2006,230719
"GE",2007,272323
"GE",2008,304958
"GE",2009,337563
"GE",2010,376720
"GE",2011,424762
"GE",2012,465717
"GE",2013,511851
"GE",2014,558331
"GE",2015,603260
"GE",2016,649198
"GE",2017,698407
"GE",2018,745806
"GE",2019,793341
"GE",2020,831988
"GE",2021,842840
"GE",2022,842833
"GH",2000,102
"GH",2001,105
"GH",2002,112
"GH",2003,117
"GH",2004,124
"GH",2005,132
"GH",2006,139
"GH",2007,144
"GH",2008,153
"GH",2009,160
"GH",2010,165
"GH",2011,171
"GH",2012,189
"GH",2013,283
"GH",2014,403
"GH",2015,46320
"GH",2016,93147
"GH",2017,156784
"GH",2018,188995
"GH",2019,194754
"GH",2020,194754
"GH",2021,194754
"GH",2022,194754
"GM",2000,58
"GM",2001,63
"GM",2002,64
"GM",2003,65
"GM",2004,65
"GM",2005,66
"GM",2006,76
"GM",2007,80
"GM",2008,87
"GM",2009,92
"GM",2010,96
"GM",2011,100
"GM",2012,107
"GM",2013,112
"GM",2014,117
"GM",2015,124
"GM",2016,127
"GM",2017,134
"GM",2018,139
"GM",2019,149
"GM",2020,153
"GM",2021,154
"GM",2022,155
"GN",2000,46
"GN",2001,49
"GN",2002,51
"GN",2003,56
"GN",2004,64
"GN",2005,68
"GN",2006,73
"GN",2007,78
"GN",2008,81
"GN",2009,85
"GN",2010,93
"GN",2011,99
"GN",2012,106
"GN",2013,283
"GN",2014,294
"GN",2015,297
"GN",2016,309
"GN",2017,320
"GN",2018,328
"GN",2019,340
"GN",2020,344
"GN",2021,349
"GN",2022,349
"GQ",2000,22
"GQ",2001,23
"GQ",2002,30
"GQ",2003,37
"GQ",2004,38
"GQ",2005,43
"GQ",2006,46
"GQ",2007,49
"GQ",2008,52
"GQ",2009,55
"GQ",2010,63
"GQ",2011,65
"GQ",2012,69
"GQ",2013,72
"GQ",2014,76
"GQ",2015,76
"GQ",2016,77
"GQ",2017,79
"GQ",2018,80
"GQ",2019,81
"GQ",2020,81
"GQ",2021,81
"GQ",2022,81
"GR",2000,47601
"GR",2001,51777
"GR",2002,55957
"GR",2003,60630
"GR",2004,65321
"GR",2005,71007
"GR",2006,77549
"GR",2007,86174
"GR",2008,93039
"GR",2009,99715
"GR",2010,105984
"GR",2011,125060
"GR",2012,130832
"GR",2013,137253
"GR",2014,143378
"GR",2015,149729
"GR",2016,157736
"GR",2017,168098
"GR",2018,171232
"GR",2019,174169
"GR",2020,172461
"GR",2021,172468
"GR",2022,172440
"GT",2000,233461
"GT",2001,253039
"GT",2002,271513
"GT",2003,288502
"GT",2004,308194
"GT",2005,319852
"GT",2006,323534
"GT",2007,324181
"GT",2008,324737
"GT",2009,325028
"GT",2010,325066
"GT",2011,325072
"GT",2012,325077
"GT",2013,325079
"GT",2014,325089
"GT",2015,325091
"GT",2016,325092
"GT",2017,325093
"GT",2018,325092
"GT",2019,325092
"GT",2020,325091
"GT",2021,325091
"GT",2022,325091
"GW",2000,14
"GW",2001,15
"GW",2002,15
"GW",2003,16
"GW",2004,18
"GW",2005,20
"GW",2006,21
"GW",2007,22
"GW",2008,23
"GW",2009,23
"GW",2010,24
"GW",2011,24
"GW",2012,25
"GW",2013,27
"GW",2014,30
"GW",2015,32
"GW",2016,33
"GW",2017,34
"GW",2018,37
"GW",2019,38
"GW",2020,38
"GW",2021,38
"GW",2022,38
"GY",2000,4041
"GY",2001,4201
"GY",2002,4371
"GY",2003,4518
"GY",2004,4715
"GY",2005,4941
"GY",2006,5075
"GY",2007,5117
"GY",2008,5179
"GY",2009,5337
"GY",2010,5432
"GY",2011,5728
"GY",2012,6086
"GY",2013,6423
"GY",2014,6484
"GY",2015,6492
"GY",2016,6503
"GY",2017,6503
"GY",2018,6503
"GY",2019,6503
"GY",2020,6503
"GY",2021,6503
"GY",2022,6503
"HN",2000,46
"HN",2001,47
"HN",2002,50
"HN",2003,51
"HN",2004,51
"HN",2005,54
"HN",2006,54
"HN",2007,55
"HN",2008,58
"HN",2009,59
"HN",2010,59
"HN",2011,61
"HN",2012,61
"HN",2013,62
"HN",2014,62
"HN",2015,62
"HN",2016,62
"HN",2017,62
"HN",2018,61
"HN",2019,61
"HN",2020,61
"HN",2021,61
"HN",2022,61
"HR",2000,75895
"HR",2001,81148
"HR",2002,87671
"HR",2003,95278
"HR",2004,103605
"HR",2005,113231
"HR",2006,124345
"HR",2007,136223
"HR",2008,147230
"HR",2009,156517
"HR",2010,165736
"HR",2011,175272
"HR",2012,186341
"HR",2013,202270
"HR",2014,215595
"HR",2015,227629
"HR",2016,240893
"HR",2017,246455
"HR",2018,258258
"HR",2019,275141
"HR",2020,285538
"HR",2021,302401
"HR",2022,292614
"HT",2000,10
"HT",2001,10
"HT",2002,10
"HT",2003,11
"HT",2004,11
"HT",2005,11
"HT",2006,11
"HT",2007,11
"HT",2008,11
"HT",2009,11
"HT",2010,11
"HT",2011,11
"HT",2012,11
"HT",2013,11
"HT",2014,11
"HT",2015,11
"HT",2016,11
"HT",2017,11
"HT",2018,11
"HT",2019,11
"HT",2020,11
"HT",2021,11
"HT",2022,11
"HU",2000,410930
"HU",2001,450205
"HU",2002,493424
"HU",2003,537988
"HU",2004,578599
"HU",2005,620487
"HU",2006,661642
"HU",2007,711127
"HU",2008,779167
"HU",2009,839895
"HU",2010,906403
"HU",2011,978401
"HU",2012,1034379
"HU",2013,1099934
"HU",2014,1113297
"HU",2015,1160689
"HU",2016,1121969
"HU",2017,1170193
"HU",2018,1225368
"HU",2019,1118383
"HU",2020,1124134
"HU",2021,1147169
"HU",2022,1039227
"ID",2000,13516
"ID",2001,14065
"ID",2002,14660
"ID",2003,15195
"ID",2004,15690
"ID",2005,16196
"ID",2006,16562
"ID",2007,16920
"ID",2008,17287
"ID",2009,17592
"ID",2010,17903
"ID",2011,18241
"ID",2012,18534
"ID",2013,18246
"ID",2014,18218
"ID",2015,18268
"ID",2016,18098
"ID",2017,17412
"ID",2018,17024
"ID",2019,16494
"ID",2020,15849
"ID",2021,15766
"ID",2022,15762
"IE",2000,188531
"IE",2001,205467
"IE",2002,222651
"IE",2003,242304
"IE",2004,264771
"IE",2005,290861
"IE",2006,321944
"IE",2007,354017
"IE",2008,382170
"IE",2009,410533
"IE",2010,442324
"IE",2011,474412
"IE",2012,504912
"IE",2013,523443
"IE",2014,545986
"IE",2015,572077
"IE",2016,600719
"IE",2017,624007
"IE",2018,648622
"IE",2019,671144
"IE",2020,689792
"IE",2021,707191
"IE",2022,705640
"IL",2000,284131
"IL",2001,304121
"IL",2002,328386
"IL",2003,349969
"IL",2004,375970
"IL",2005,402157
"IL",2006,428771
"IL",2007,457797
"IL",2008,485111
"IL",2009,512734
"IL",2010,542009
"IL",2011,568959
"IL",2012,592023
"IL",2013,607094
"IL",2014,610939
"IL",2015,621038
"IL",2016,629953
"IL",2017,620996
"IL",2018,624837
"IL",2019,597856
"IL",2020,602225
"IL",2021,609037
"IL",2022,609267
"IN",2000,359396
"IN",2001,374414
"IN",2002,390693
"IN",2003,411543
"IN",2004,440272
"IN",2005,482909
"IN",2006,527558
"IN",2007,585007
"IN",2008,651234
"IN",2009,710206
"IN",2010,796682
"IN",2011,895847
"IN",2012,1001586
"IN",2013,1097127
"IN",2014,1175426
"IN",2015,1270992
"IN",2016,1389758
"IN",2017,1525435
"IN",2018,1656945
"IN",2019,1603859
"IN",2020,1629478
"IN",2021,1801603
"IN",2022,1858246
"IQ",2000,312
"IQ",2001,332
"IQ",2002,356
"IQ",2003,409
"IQ",2004,491
"IQ",2005,570
"IQ",2006,625
"IQ",2007,713
"IQ",2008,784
"IQ",2009,855
"IQ",2010,924
"IQ",2011,979
"IQ",2012,1047
"IQ",2013,1097
"IQ",2014,1144
"IQ",2015,1173
"IQ",2016,1188
"IQ",2017,1199
"IQ",2018,1212
"IQ",2019,1219
"IQ",2020,1221
"IQ",2021,1224
"IQ",2022,1225
"IR",2000,168067
"IR",2001,183327
"IR",2002,205972
"IR",2003,235330
"IR",2004,269727
"IR",2005,314240
"IR",2006,352693
"IR",2007,401552
"IR",2008,439468
"IR",2009,471235
"IR",2010,509345
"IR",2011,540396
"IR",2012,571057
"IR",2013,601000
"IR",2014,637281
"IR",2015,666733
"IR",2016,688680
"IR",2017,695826
"IR",2018,696812
"IR",2019,696815
"IR",2020,696817
"IR",2021,696816
"IR",2022,696815
"IS",2000,9056
"IS",2001,10259
"IS",2002,12381
"IS",2003,13964
"IS",2004,15736
"IS",2005,17989
"IS",2006,20451
"IS",2007,23333
"IS",2008,25414
"IS",2009,27763
"IS",2010,29197
"IS",2011,30647
"IS",2012,31772
"IS",2013,32364
"IS",2014,33360
"IS",2015,34764
"IS",2016,36639
"IS",2017,37956
"IS",2018,39215
"IS",2019,40303
"IS",2020,41661
"IS",2021,41247
"IS",2022,40208
"IT",2000,1059866
"IT",2001,1147761
"IT",2002,1237549
"IT",2003,1325853
"IT",2004,1430310
"IT",2005,1542661
"IT",2006,1663225
"IT",2007,1805607
"IT",2008,1942994
"IT",2009,2072133
"IT",2010,2229994
"IT",2011,2363170
"IT",2012,2525980
"IT",2013,2655371
"IT",2014,2805389
"IT",2015,2990146
"IT",2016,3193405
"IT",2017,3396262
"IT",2018,3611410
"IT",2019,3815215
"IT",2020,3981761
"IT",2021,4192766
"IT",2022,4248927
"JM",2000,51812
"JM",2001,56624
"JM",2002,61082
"JM",2003,65833
"JM",2004,70613
"JM",2005,75496
"JM",2006,81377
"JM",2007,88191
"JM",2008,95907
"JM",2009,103980
"JM",2010,111311
"JM",2011,118977
"JM",2012,127291
"JM",2013,135850
"JM",2014,144250
"JM",2015,155064
"JM",2016,166939
"JM",2017,176216
"JM",2018,186441
"JM",2019,196049
"JM",2020,208028
"JM",2021,222200
"JM",2022,223546
"JO",2000,195472
"JO",2001,208049
"JO",2002,221640
"JO",2003,235159
"JO",2004,252004
"JO",2005,269142
"JO",2006,289350
"JO",2007,308282
"JO",2008,328323
"JO",2009,347388
"JO",2010,366556
"JO",2011,385527
"JO",2012,403111
"JO",2013,419754
"JO",2014,437700
"JO",2015,455366
"JO",2016,477034
"JO",2017,498751
"JO",2018,522612
"JO",2019,548970
"JO",2020,574778
"JO",2021,576900
"JO",2022,576933
"JP",2000,856447
"JP",2001,878303
"JP",2002,900678
"JP",2003,924755
"JP",2004,950077
"JP",2005,976236
"JP",2006,1005184
"JP",2007,1029871
"JP",2008,1052268
"JP",2009,1074895
"JP",2010,1098439
"JP",2011,1123054
"JP",2012,1148029
"JP",2013,1173210
"JP",2014,1199254
"JP",2015,1225417
"JP",2016,1251089
"JP",2017,1275189
"JP",2018,1294529
"JP",2019,1310824
"JP",2020,1320433
"JP",2021,1323942
"JP",2022,1322672
"KE",2000,356707
"KE",2001,378291
"KE",2002,400189
"KE",2003,423789
"KE",2004,449471
"KE",2005,478561
"KE",2006,515788
"KE",2007,561002
"KE",2008,617560
"KE",2009,682134
"KE",2010,750582
"KE",2011,823670
"KE",2012,896075
"KE",2013,981197
"KE",2014,1089636
"KE",2015,1197826
"KE",2016,1319192
"KE",2017,1412363
"KE",2018,1474401
"KE",2019,1474408
"KE",2020,1474417
"KE",2021,1474422
"KE",2022,1474422
"KG",2000,156599
"KG",2001,160281
"KG",2002,164445
"KG",2003,168914
"KG",2004,173713
"KG",2005,178395
"KG",2006,183902
"KG",2007,189628
"KG",2008,194259
"KG",2009,199024
"KG",2010,203181
"KG",2011,207816
"KG",2012,212643
"KG",2013,218023
"KG",2014,224010
"KG",2015,230068
"KG",2016,236317
"KG",2017,243216
"KG",2018,250706
"KG",2019,258492
"KG",2020,264272
"KG",2021,269466
"KG",2022,266594
"KH",2000,591
"KH",2001,725
"KH",2002,857
"KH",2003,1005
"KH",2004,1198
"KH",2005,1505
"KH",2006,1851
"KH",2007,2435
"KH",2008,3094
"KH",2009,3753
"KH",2010,4833
"KH",2011,7651
"KH",2012,9115
"KH",2013,10840
"KH",2014,13433
"KH",2015,17655
"KH",2016,23297
"KH",2017,30444
"KH",2018,37260
"KH",2019,42950
"KH",2020,42969
"KH",2021,42969
"KH",2022,42969
"KI",2000,NA
"KI",2001,NA
"KI",2002,NA
"KI",2003,NA
"KI",2004,NA
"KI",2005,NA
"KI",2006,NA
"KI",2007,NA
"KI",2008,NA
"KI",2009,NA
"KI",2010,NA
"KI",2011,NA
"KI",2012,NA
"KI",2013,NA
"KI",2014,NA
"KI",2015,NA
"KI",2016,NA
"KI",2017,NA
"KI",2018,NA
"KI",2019,NA
"KI",2020,NA
"KI",2021,NA
"KI",2022,NA
"KM",2000,16
"KM",2001,17
"KM",2002,17
"KM",2003,17
"KM",2004,19
"KM",2005,21
"KM",2006,22
"KM",2007,25
"KM",2008,25
"KM",2009,27
"KM",2010,35
"KM",2011,56
"KM",2012,639
"KM",2013,768
"KM",2014,854
"KM",2015,918
"KM",2016,918
"KM",2017,949
"KM",2018,951
"KM",2019,953
"KM",2020,953
"KM",2021,974
"KM",2022,974
"KN",2000,6
"KN",2001,9
"KN",2002,9
"KN",2003,9
"KN",2004,9
"KN",2005,9
"KN",2006,9
"KN",2007,9
"KN",2008,9
"KN",2009,9
"KN",2010,9
"KN",2011,9
"KN",2012,9
"KN",2013,9
"KN",2014,9
"KN",2015,9
"KN",2016,9
"KN",2017,9
"KN",2018,9
"KN",2019,9
"KN",2020,9
"KN",2021,9
"KN",2022,9
"KP",2000,1
"KP",2001,1
"KP",2002,1
"KP",2003,1
"KP",2004,1
"KP",2005,1
"KP",2006,1
"KP",2007,1
"KP",2008,1
"KP",2009,1
"KP",2010,1
"KP",2011,1
"KP",2012,1
"KP",2013,1
"KP",2014,1
"KP",2015,1
"KP",2016,1
"KP",2017,1
"KP",2018,1
"KP",2019,1
"KP",2020,1
"KP",2021,1
"KP",2022,1
"KR",2000,331650
"KR",2001,389266
"KR",2002,450758
"KR",2003,512457
"KR",2004,565270
"KR",2005,626143
"KR",2006,696593
"KR",2007,774767
"KR",2008,850755
"KR",2009,940006
"KR",2010,1039223
"KR",2011,1145357
"KR",2012,1240828
"KR",2013,1312265
"KR",2014,1361557
"KR",2015,1448721
"KR",2016,1528828
"KR",2017,1611422
"KR",2018,1705000
"KR",2019,1809600
"KR",2020,1929441
"KR",2021,2017365
"KR",2022,1992981
"KW",2000,6888
"KW",2001,7584
"KW",2002,8492
"KW",2003,9486
"KW",2004,10959
"KW",2005,12507
"KW",2006,14127
"KW",2007,15888
"KW",2008,17430
"KW",2009,18675
"KW",2010,20191
"KW",2011,22130
"KW",2012,24831
"KW",2013,26885
"KW",2014,29429
"KW",2015,32676
"KW",2016,36985
"KW",2017,42921
"KW",2018,52112
"KW",2019,56461
"KW",2020,63730
"KW",2021,66566
"KW",2022,66564
"KZ",2000,94718
"KZ",2001,112572
"KZ",2002,130067
"KZ",2003,149092
"KZ",2004,171215
"KZ",2005,195109
"KZ",2006,222121
"KZ",2007,248349
"KZ",2008,269824
"KZ",2009,290944
"KZ",2010,312400
"KZ",2011,336055
"KZ",2012,360304
"KZ",2013,382988
"KZ",2014,407596
"KZ",2015,422640
"KZ",2016,433019
"KZ",2017,465067
"KZ",2018,494845
"KZ",2019,519123
"KZ",2020,537553
"KZ",2021,566302
"KZ",2022,560560
"LA",2000,71
"LA",2001,72
"LA",2002,72
"LA",2003,72
"LA",2004,74
"LA",2005,75
"LA",2006,75
"LA",2007,78
"LA",2008,3061
"LA",2009,16804
"LA",2010,27058
"LA",2011,27904
"LA",2012,29310
"LA",2013,30918
"LA",2014,32192
"LA",2015,33816
"LA",2016,35790
"LA",2017,38085
"LA",2018,40389
"LA",2019,40397
"LA",2020,40400
"LA",2021,40400
"LA",2022,40400
"LB",2000,214179
"LB",2001,218455
"LB",2002,223234
"LB",2003,228713
"LB",2004,235287
"LB",2005,240794
"LB",2006,246237
"LB",2007,251981
"LB",2008,259488
"LB",2009,268841
"LB",2010,278927
"LB",2011,289411
"LB",2012,299228
"LB",2013,308544
"LB",2014,315857
"LB",2015,325000
"LB",2016,331137
"LB",2017,340379
"LB",2018,344985
"LB",2019,344995
"LB",2020,344999
"LB",2021,344999
"LB",2022,344999
"LC",2000,8
"LC",2001,9
"LC",2002,9
"LC",2003,9
"LC",2004,9
"LC",2005,9
"LC",2006,9
"LC",2007,9
"LC",2008,9
"LC",2009,10
"LC",2010,10
"LC",2011,10
"LC",2012,10
"LC",2013,10
"LC",2014,10
"LC",2015,10
"LC",2016,10
"LC",2017,10
"LC",2018,10
"LC",2019,10
"LC",2020,10
"LC",2021,10
"LC",2022,10
"LI",2000,14167
"LI",2001,14798
"LI",2002,15495
"LI",2003,16320
"LI",2004,17177
"LI",2005,18228
"LI",2006,19536
"LI",2007,20863
"LI",2008,21450
"LI",2009,22246
"LI",2010,23271
"LI",2011,24012
"LI",2012,24828
"LI",2013,24476
"LI",2014,22650
"LI",2015,21485
"LI",2016,20299
"LI",2017,19427
"LI",2018,18929
"LI",2019,18648
"LI",2020,18340
"LI",2021,18222
"LI",2022,17612
"LK",2000,2132
"LK",2001,2219
"LK",2002,2333
"LK",2003,2437
"LK",2004,2538
"LK",2005,2628
"LK",2006,2717
"LK",2007,2815
"LK",2008,2978
"LK",2009,3073
"LK",2010,3167
"LK",2011,3211
"LK",2012,3247
"LK",2013,3277
"LK",2014,3302
"LK",2015,3326
"LK",2016,3348
"LK",2017,3377
"LK",2018,3400
"LK",2019,3396
"LK",2020,3407
"LK",2021,3409
"LK",2022,3410
"LR",2000,289
"LR",2001,317
"LR",2002,348
"LR",2003,390
"LR",2004,488
"LR",2005,592
"LR",2006,833
"LR",2007,1354
"LR",2008,2534
"LR",2009,2549
"LR",2010,2565
"LR",2011,2573
"LR",2012,2588
"LR",2013,2604
"LR",2014,2614
"LR",2015,2627
"LR",2016,2641
"LR",2017,2651
"LR",2018,2660
"LR",2019,2669
"LR",2020,3193
"LR",2021,3316
"LR",2022,3328
"LS",2000,645
"LS",2001,729
"LS",2002,839
"LS",2003,938
"LS",2004,1058
"LS",2005,1229
"LS",2006,1382
"LS",2007,1595
"LS",2008,1864
"LS",2009,2135
"LS",2010,2527
"LS",2011,2900
"LS",2012,4249
"LS",2013,6285
"LS",2014,8223
"LS",2015,10747
"LS",2016,13012
"LS",2017,15396
"LS",2018,19010
"LS",2019,22057
"LS",2020,24275
"LS",2021,23313
"LS",2022,23311
"LT",2000,77628
"LT",2001,84284
"LT",2002,90619
"LT",2003,97317
"LT",2004,102642
"LT",2005,108738
"LT",2006,115584
"LT",2007,124038
"LT",2008,131783
"LT",2009,139529
"LT",2010,148345
"LT",2011,158027
"LT",2012,171887
"LT",2013,182731
"LT",2014,193702
"LT",2015,201214
"LT",2016,208309
"LT",2017,215925
"LT",2018,224039
"LT",2019,233489
"LT",2020,243523
"LT",2021,248908
"LT",2022,228443
"LU",2000,19438
"LU",2001,21319
"LU",2002,23040
"LU",2003,25925
"LU",2004,28828
"LU",2005,33196
"LU",2006,38384
"LU",2007,42600
"LU",2008,46484
"LU",2009,49729
"LU",2010,53674
"LU",2011,58417
"LU",2012,63930
"LU",2013,70408
"LU",2014,77579
"LU",2015,85389
"LU",2016,93149
"LU",2017,101675
"LU",2018,111100
"LU",2019,121533
"LU",2020,132189
"LU",2021,145634
"LU",2022,144664
"LV",2000,76819
"LV",2001,81620
"LV",2002,86615
"LV",2003,93069
"LV",2004,101850
"LV",2005,111696
"LV",2006,124193
"LV",2007,137940
"LV",2008,149519
"LV",2009,160398
"LV",2010,175497
"LV",2011,195286
"LV",2012,213889
"LV",2013,228747
"LV",2014,240986
"LV",2015,248811
"LV",2016,250834
"LV",2017,248797
"LV",2018,243209
"LV",2019,232508
"LV",2020,212759
"LV",2021,209473
"LV",2022,198441
"LY",2000,106
"LY",2001,107
"LY",2002,110
"LY",2003,122
"LY",2004,138
"LY",2005,158
"LY",2006,178
"LY",2007,195
"LY",2008,212
"LY",2009,229
"LY",2010,246
"LY",2011,258
"LY",2012,288
"LY",2013,298
"LY",2014,321
"LY",2015,335
"LY",2016,350
"LY",2017,360
"LY",2018,364
"LY",2019,364
"LY",2020,366
"LY",2021,366
"LY",2022,362
"MA",2000,492369
"MA",2001,526267
"MA",2002,561524
"MA",2003,598952
"MA",2004,639339
"MA",2005,678044
"MA",2006,719342
"MA",2007,766772
"MA",2008,816720
"MA",2009,866683
"MA",2010,916741
"MA",2011,970176
"MA",2012,1027454
"MA",2013,1087670
"MA",2014,1150457
"MA",2015,1216149
"MA",2016,1289471
"MA",2017,1354582
"MA",2018,1442290
"MA",2019,1527751
"MA",2020,1610162
"MA",2021,1698108
"MA",2022,1689797
"MC",2000,1319
"MC",2001,1393
"MC",2002,1468
"MC",2003,1568
"MC",2004,1649
"MC",2005,1774
"MC",2006,1896
"MC",2007,2022
"MC",2008,2226
"MC",2009,2390
"MC",2010,2599
"MC",2011,2865
"MC",2012,3156
"MC",2013,3531
"MC",2014,3894
"MC",2015,4356
"MC",2016,4753
"MC",2017,5280
"MC",2018,5662
"MC",2019,5903
"MC",2020,6193
"MC",2021,5650
"MC",2022,5650
"MD",2000,73562
"MD",2001,77477
"MD",2002,82149
"MD",2003,86498
"MD",2004,92326
"MD",2005,98450
"MD",2006,105493
"MD",2007,114535
"MD",2008,122538
"MD",2009,128758
"MD",2010,134797
"MD",2011,141241
"MD",2012,147843
"MD",2013,154452
"MD",2014,161054
"MD",2015,167339
"MD",2016,171964
"MD",2017,173349
"MD",2018,168937
"MD",2019,166175
"MD",2020,157362
"MD",2021,152648
"MD",2022,152740
"ME",2000,1645
"ME",2001,1721
"ME",2002,7685
"ME",2003,10479
"ME",2004,11943
"ME",2005,13511
"ME",2006,15741
"ME",2007,18800
"ME",2008,21488
"ME",2009,23371
"ME",2010,25277
"ME",2011,27238
"ME",2012,29277
"ME",2013,31510
"ME",2014,33933
"ME",2015,36288
"ME",2016,38448
"ME",2017,34190
"ME",2018,39287
"ME",2019,43869
"ME",2020,47381
"ME",2021,49359
"ME",2022,49320
"MG",2000,6949
"MG",2001,9359
"MG",2002,11342
"MG",2003,14641
"MG",2004,17633
"MG",2005,21234
"MG",2006,24911
"MG",2007,29005
"MG",2008,33438
"MG",2009,36399
"MG",2010,40167
"MG",2011,44358
"MG",2012,48356
"MG",2013,52266
"MG",2014,56399
"MG",2015,56416
"MG",2016,56427
"MG",2017,56433
"MG",2018,56441
"MG",2019,56450
"MG",2020,56456
"MG",2021,56458
"MG",2022,56458
"MH",2000,10
"MH",2001,11
"MH",2002,11
"MH",2003,11
"MH",2004,17
"MH",2005,23
"MH",2006,28
"MH",2007,34
"MH",2008,38
"MH",2009,40
"MH",2010,45
"MH",2011,47
"MH",2012,49
"MH",2013,54
"MH",2014,59
"MH",2015,60
"MH",2016,61
"MH",2017,63
"MH",2018,65
"MH",2019,65
"MH",2020,65
"MH",2021,64
"MH",2022,64
"MK",2000,44973
"MK",2001,49270
"MK",2002,54685
"MK",2003,60957
"MK",2004,66879
"MK",2005,75162
"MK",2006,84062
"MK",2007,94635
"MK",2008,106137
"MK",2009,201626
"MK",2010,227519
"MK",2011,261437
"MK",2012,294795
"MK",2013,308484
"MK",2014,321812
"MK",2015,332842
"MK",2016,335753
"MK",2017,290801
"MK",2018,283681
"MK",2019,279076
"MK",2020,277446
"MK",2021,274281
"MK",2022,271042
"ML",2000,110
"ML",2001,118
"ML",2002,127
"ML",2003,134
"ML",2004,142
"ML",2005,156
"ML",2006,169
"ML",2007,177
"ML",2008,187
"ML",2009,202
"ML",2010,215
"ML",2011,231
"ML",2012,241
"ML",2013,250
"ML",2014,266
"ML",2015,282
"ML",2016,288
"ML",2017,298
"ML",2018,304
"ML",2019,307
"ML",2020,308
"ML",2021,309
"ML",2022,309
"MM",2000,8131
"MM",2001,9047
"MM",2002,9791
"MM",2003,10842
"MM",2004,12748
"MM",2005,15240
"MM",2006,16985
"MM",2007,18490
"MM",2008,20411
"MM",2009,22265
"MM",2010,24944
"MM",2011,29328
"MM",2012,36280
"MM",2013,44359
"MM",2014,52156
"MM",2015,59689
"MM",2016,65577
"MM",2017,72178
"MM",2018,84343
"MM",2019,96629
"MM",2020,96632
"MM",2021,96632
"MM",2022,96632
"MN",2000,635
"MN",2001,705
"MN",2002,749
"MN",2003,807
"MN",2004,840
"MN",2005,887
"MN",2006,936
"MN",2007,981
"MN",2008,1002
"MN",2009,1006
"MN",2010,1017
"MN",2011,1021
"MN",2012,1024
"MN",2013,1024
"MN",2014,1028
"MN",2015,1028
"MN",2016,1029
"MN",2017,1031
"MN",2018,1031
"MN",2019,1031
"MN",2020,1030
"MN",2021,1030
"MN",2022,1030
"MR",2000,79
"MR",2001,87
"MR",2002,91
"MR",2003,93
"MR",2004,98
"MR",2005,108
"MR",2006,112
"MR",2007,120
"MR",2008,124
"MR",2009,129
"MR",2010,134
"MR",2011,143
"MR",2012,150
"MR",2013,155
"MR",2014,166
"MR",2015,1063
"MR",2016,1069
"MR",2017,1074
"MR",2018,1076
"MR",2019,1080
"MR",2020,1081
"MR",2021,1082
"MR",2022,1082
"MT",2000,13805
"MT",2001,14821
"MT",2002,15916
"MT",2003,17423
"MT",2004,19220
"MT",2005,21050
"MT",2006,23302
"MT",2007,25507
"MT",2008,27868
"MT",2009,30165
"MT",2010,33065
"MT",2011,36412
"MT",2012,40421
"MT",2013,44717
"MT",2014,49222
"MT",2015,53779
"MT",2016,57929
"MT",2017,61233
"MT",2018,65005
"MT",2019,57174
"MT",2020,58370
"MT",2021,60222
"MT",2022,54819
"MU",2000,10404
"MU",2001,12260
"MU",2002,14336
"MU",2003,16607
"MU",2004,19409
"MU",2005,22450
"MU",2006,26388
"MU",2007,31310
"MU",2008,36336
"MU",2009,40222
"MU",2010,45337
"MU",2011,50895
"MU",2012,56722
"MU",2013,63255
"MU",2014,70477
"MU",2015,78173
"MU",2016,82520
"MU",2017,91695
"MU",2018,96977
"MU",2019,89962
"MU",2020,95371
"MU",2021,90445
"MU",2022,89968
"MV",2000,4
"MV",2001,4
"MV",2002,4
"MV",2003,4
"MV",2004,5
"MV",2005,5
"MV",2006,5
"MV",2007,6
"MV",2008,6
"MV",2009,6
"MV",2010,6
"MV",2011,6
"MV",2012,6
"MV",2013,6
"MV",2014,6
"MV",2015,6
"MV",2016,6
"MV",2017,6
"MV",2018,6
"MV",2019,6
"MV",2020,6
"MV",2021,6
"MV",2022,6
"MW",2000,181
"MW",2001,191
"MW",2002,204
"MW",2003,214
"MW",2004,225
"MW",2005,234
"MW",2006,239
"MW",2007,246
"MW",2008,257
"MW",2009,267
"MW",2010,272
"MW",2011,285
"MW",2012,291
"MW",2013,299
"MW",2014,307
"MW",2015,309
"MW",2016,312
"MW",2017,315
"MW",2018,315
"MW",2019,318
"MW",2020,318
"MW",2021,318
"MW",2022,318
"MX",2000,1076210
"MX",2001,1128695
"MX",2002,1154031
"MX",2003,1181531
"MX",2004,1212285
"MX",2005,1246604
"MX",2006,1283760
"MX",2007,1325026
"MX",2008,1381352
"MX",2009,1426224
"MX",2010,1471186
"MX",2011,1507338
"MX",2012,1540920
"MX",2013,1573131
"MX",2014,1600619
"MX",2015,1618439
"MX",2016,1629285
"MX",2017,1634780
"MX",2018,1636238
"MX",2019,1636864
"MX",2020,1637134
"MX",2021,1637179
"MX",2022,1637176
"MY",2000,129810
"MY",2001,138886
"MY",2002,149466
"MY",2003,160938
"MY",2004,174555
"MY",2005,188706
"MY",2006,203724
"MY",2007,221917
"MY",2008,239227
"MY",2009,259023
"MY",2010,283071
"MY",2011,305705
"MY",2012,328461
"MY",2013,341177
"MY",2014,361664
"MY",2015,407117
"MY",2016,450173
"MY",2017,473128
"MY",2018,519277
"MY",2019,563729
"MY",2020,583563
"MY",2021,594117
"MY",2022,594118
"MZ",2000,121
"MZ",2001,125
"MZ",2002,131
"MZ",2003,139
"MZ",2004,149
"MZ",2005,154
"MZ",2006,156
"MZ",2007,162
"MZ",2008,167
"MZ",2009,170
"MZ",2010,175
"MZ",2011,179
"MZ",2012,184
"MZ",2013,184
"MZ",2014,185
"MZ",2015,185
"MZ",2016,185
"MZ",2017,185
"MZ",2018,185
"MZ",2019,185
"MZ",2020,185
"MZ",2021,185
"MZ",2022,185
NA,2000,26266
NA,2001,31546
NA,2002,37406
NA,2003,43384
NA,2004,48804
NA,2005,56046
NA,2006,65232
NA,2007,72760
NA,2008,83214
NA,2009,94398
NA,2010,105868
NA,2011,120920
NA,2012,141996
NA,2013,178828
NA,2014,216002
NA,2015,247956
NA,2016,281634
NA,2017,314904
NA,2018,343906
NA,2019,359374
NA,2020,377234
NA,2021,397482
NA,2022,405344
"NE",2000,998
"NE",2001,1212
"NE",2002,1403
"NE",2003,1621
"NE",2004,1899
"NE",2005,2464
"NE",2006,3668
"NE",2007,5064
"NE",2008,6483
"NE",2009,7359
"NE",2010,7359
"NE",2011,7359
"NE",2012,7360
"NE",2013,7360
"NE",2014,7360
"NE",2015,7360
"NE",2016,7360
"NE",2017,7360
"NE",2018,7360
"NE",2019,6
"NE",2020,6
"NE",2021,6
"NE",2022,6
"NG",2000,277346
"NG",2001,310013
"NG",2002,335935
"NG",2003,344774
"NG",2004,345125
"NG",2005,345591
"NG",2006,346049
"NG",2007,346629
"NG",2008,347702
"NG",2009,348832
"NG",2010,349918
"NG",2011,350982
"NG",2012,352363
"NG",2013,353558
"NG",2014,354660
"NG",2015,355953
"NG",2016,357360
"NG",2017,358898
"NG",2018,361891
"NG",2019,371700
"NG",2020,382127
"NG",2021,413038
"NG",2022,413038
"NI",2000,31
"NI",2001,32
"NI",2002,34
"NI",2003,35
"NI",2004,35
"NI",2005,36
"NI",2006,38
"NI",2007,39
"NI",2008,40
"NI",2009,40
"NI",2010,40
"NI",2011,40
"NI",2012,40
"NI",2013,40
"NI",2014,40
"NI",2015,40
"NI",2016,40
"NI",2017,40
"NI",2018,40
"NI",2019,40
"NI",2020,40
"NI",2021,40
"NI",2022,40
"NL",2000,1434435
"NL",2001,1559986
"NL",2002,1685328
"NL",2003,1765642
"NL",2004,1831018
"NL",2005,1924057
"NL",2006,2039937
"NL",2007,2173360
"NL",2008,2314195
"NL",2009,2433805
"NL",2010,2556292
"NL",2011,2675295
"NL",2012,2724897
"NL",2013,2816580
"NL",2014,2877363
"NL",2015,2956922
"NL",2016,3039169
"NL",2017,3110016
"NL",2018,3217675
"NL",2019,3339214
"NL",2020,3460068
"NL",2021,3570493
"NL",2022,3534408
"NO",2000,373946
"NO",2001,416065
"NO",2002,462047
"NO",2003,503222
"NO",2004,548085
"NO",2005,601062
"NO",2006,668450
"NO",2007,722457
"NO",2008,772864
"NO",2009,822317
"NO",2010,876086
"NO",2011,930367
"NO",2012,992329
"NO",2013,1039136
"NO",2014,1074922
"NO",2015,1110519
"NO",2016,1135895
"NO",2017,1164646
"NO",2018,1200488
"NO",2019,1196484
"NO",2020,1108902
"NO",2021,1126576
"NO",2022,1111862
"NP",2000,18549
"NP",2001,21416
"NP",2002,26024
"NP",2003,30364
"NP",2004,36088
"NP",2005,41364
"NP",2006,46864
"NP",2007,54018
"NP",2008,62591
"NP",2009,72622
"NP",2010,82532
"NP",2011,92691
"NP",2012,103281
"NP",2013,112830
"NP",2014,124799
"NP",2015,137621
"NP",2016,155238
"NP",2017,174936
"NP",2018,181576
"NP",2019,181576
"NP",2020,181574
"NP",2021,181573
"NP",2022,181573
"NR",2000,NA
"NR",2001,NA
"NR",2002,NA
"NR",2003,NA
"NR",2004,NA
"NR",2005,NA
"NR",2006,NA
"NR",2007,NA
"NR",2008,NA
"NR",2009,NA
"NR",2010,NA
"NR",2011,NA
"NR",2012,NA
"NR",2013,NA
"NR",2014,NA
"NR",2015,NA
"NR",2016,NA
"NR",2017,NA
"NR",2018,NA
"NR",2019,NA
"NR",2020,NA
"NR",2021,NA
"NR",2022,NA
"NZ",2000,129256
"NZ",2001,144931
"NZ",2002,165071
"NZ",2003,190500
"NZ",2004,218505
"NZ",2005,248782
"NZ",2006,281957
"NZ",2007,317844
"NZ",2008,349079
"NZ",2009,378703
"NZ",2010,406352
"NZ",2011,434468
"NZ",2012,469171
"NZ",2013,508735
"NZ",2014,553858
"NZ",2015,604791
"NZ",2016,657161
"NZ",2017,687111
"NZ",2018,709620
"NZ",2019,736681
"NZ",2020,798199
"NZ",2021,871856
"NZ",2022,869661
"OM",2000,71107
"OM",2001,76336
"OM",2002,81522
"OM",2003,88112
"OM",2004,94982
"OM",2005,103421
"OM",2006,117561
"OM",2007,137546
"OM",2008,160430
"OM",2009,180020
"OM",2010,196856
"OM",2011,221923
"OM",2012,245233
"OM",2013,267057
"OM",2014,284419
"OM",2015,309477
"OM",2016,337380
"OM",2017,353614
"OM",2018,366823
"OM",2019,378483
"OM",2020,371522
"OM",2021,393070
"OM",2022,399554
"PA",2000,276329
"PA",2001,290579
"PA",2002,304777
"PA",2003,319557
"PA",2004,340027
"PA",2005,369017
"PA",2006,399256
"PA",2007,438546
"PA",2008,477451
"PA",2009,509300
"PA",2010,541383
"PA",2011,572828
"PA",2012,605363
"PA",2013,635689
"PA",2014,664841
"PA",2015,691858
"PA",2016,703582
"PA",2017,703154
"PA",2018,706004
"PA",2019,710451
"PA",2020,710855
"PA",2021,661672
"PA",2022,302593
"PE",2000,346732
"PE",2001,383607
"PE",2002,424892
"PE",2003,473494
"PE",2004,531607
"PE",2005,606029
"PE",2006,693324
"PE",2007,789646
"PE",2008,891260
"PE",2009,993656
"PE",2010,1106611
"PE",2011,1235497
"PE",2012,1386704
"PE",2013,1541250
"PE",2014,1697916
"PE",2015,1877429
"PE",2016,2075242
"PE",2017,2285418
"PE",2018,2459476
"PE",2019,2674259
"PE",2020,2910286
"PE",2021,3152443
"PE",2022,3180442
"PG",2000,39661
"PG",2001,43006
"PG",2002,46038
"PG",2003,48039
"PG",2004,50165
"PG",2005,52490
"PG",2006,55270
"PG",2007,58268
"PG",2008,62322
"PG",2009,66952
"PG",2010,72564
"PG",2011,76706
"PG",2012,81343
"PG",2013,85776
"PG",2014,90359
"PG",2015,94339
"PG",2016,95031
"PG",2017,95857
"PG",2018,95939
"PG",2019,98027
"PG",2020,99909
"PG",2021,99910
"PG",2022,99910
"PH",2000,12957
"PH",2001,14411
"PH",2002,16166
"PH",2003,18120
"PH",2004,20073
"PH",2005,22051
"PH",2006,24080
"PH",2007,26235
"PH",2008,28144
"PH",2009,29612
"PH",2010,30449
"PH",2011,42088
"PH",2012,67196
"PH",2013,94248
"PH",2014,126478
"PH",2015,155141
"PH",2016,183932
"PH",2017,185048
"PH",2018,180188
"PH",2019,177133
"PH",2020,173151
"PH",2021,172411
"PH",2022,171168
"PK",2000,20956
"PK",2001,21891
"PK",2002,23118
"PK",2003,24648
"PK",2004,26899
"PK",2005,30664
"PK",2006,35688
"PK",2007,40090
"PK",2008,44312
"PK",2009,47012
"PK",2010,50124
"PK",2011,53750
"PK",2012,57941
"PK",2013,62064
"PK",2014,66974
"PK",2015,72592
"PK",2016,79458
"PK",2017,88961
"PK",2018,101725
"PK",2019,117632
"PK",2020,122774
"PK",2021,122759
"PK",2022,117664
"PL",2000,409962
"PL",2001,454954
"PL",2002,496274
"PL",2003,537435
"PL",2004,583117
"PL",2005,636303
"PL",2006,703502
"PL",2007,780728
"PL",2008,883293
"PL",2009,1028976
"PL",2010,1280094
"PL",2011,1348132
"PL",2012,1494081
"PL",2013,1704554
"PL",2014,1917701
"PL",2015,2168022
"PL",2016,2407760
"PL",2017,2494069
"PL",2018,2191442
"PL",2019,2111398
"PL",2020,2110814
"PL",2021,2141210
"PL",2022,2122275
"PT",2000,163379
"PT",2001,184293
"PT",2002,200828
"PT",2003,213161
"PT",2004,226251
"PT",2005,240287
"PT",2006,255959
"PT",2007,273217
"PT",2008,292800
"PT",2009,311857
"PT",2010,332308
"PT",2011,357633
"PT",2012,382418
"PT",2013,411037
"PT",2014,437447
"PT",2015,445830
"PT",2016,457163
"PT",2017,476111
"PT",2018,493697
"PT",2019,518389
"PT",2020,529514
"PT",2021,542779
"PT",2022,538572
"PW",2000,2
"PW",2001,2
"PW",2002,2
"PW",2003,2
"PW",2004,2
"PW",2005,2
"PW",2006,2
"PW",2007,2
"PW",2008,3
"PW",2009,3
"PW",2010,3
"PW",2011,3
"PW",2012,3
"PW",2013,3
"PW",2014,3
"PW",2015,3
"PW",2016,3
"PW",2017,3
"PW",2018,3
"PW",2019,3
"PW",2020,3
"PW",2021,3
"PW",2022,3
"PY",2000,3740
"PY",2001,3885
"PY",2002,4043
"PY",2003,4322
"PY",2004,4584
"PY",2005,5045
"PY",2006,5504
"PY",2007,5762
"PY",2008,6209
"PY",2009,6675
"PY",2010,7036
"PY",2011,7167
"PY",2012,7367
"PY",2013,7541
"PY",2014,7644
"PY",2015,7729
"PY",2016,7804
"PY",2017,7870
"PY",2018,7876
"PY",2019,7875
"PY",2020,7875
"PY",2021,7874
"PY",2022,7874
"QA",2000,4358
"QA",2001,4738
"QA",2002,5261
"QA",2003,5908
"QA",2004,7065
"QA",2005,7884
"QA",2006,9124
"QA",2007,10859
"QA",2008,12946
"QA",2009,16023
"QA",2010,16550
"QA",2011,16672
"QA",2012,16788
"QA",2013,16899
"QA",2014,16981
"QA",2015,17059
"QA",2016,17138
"QA",2017,17253
"QA",2018,17315
"QA",2019,17350
"QA",2020,17369
"QA",2021,17366
"QA",2022,17362
"RO",2000,215225
"RO",2001,238693
"RO",2002,275895
"RO",2003,341126
"RO",2004,421133
"RO",2005,509876
"RO",2006,595277
"RO",2007,695615
"RO",2008,807495
"RO",2009,904595
"RO",2010,1015888
"RO",2011,1144729
"RO",2012,1270220
"RO",2013,1328431
"RO",2014,1367832
"RO",2015,1295216
"RO",2016,1338012
"RO",2017,1386607
"RO",2018,1455508
"RO",2019,1510288
"RO",2020,1546123
"RO",2021,1651923
"RO",2022,1633189
"RS",2000,70130
"RS",2001,79470
"RS",2002,91462
"RS",2003,104517
"RS",2004,119246
"RS",2005,140975
"RS",2006,166384
"RS",2007,195361
"RS",2008,224524
"RS",2009,254522
"RS",2010,284369
"RS",2011,318150
"RS",2012,340773
"RS",2013,362910
"RS",2014,387771
"RS",2015,422748
"RS",2016,457424
"RS",2017,469133
"RS",2018,477129
"RS",2019,485690
"RS",2020,504188
"RS",2021,501624
"RS",2022,500919
"RU",2000,1778102
"RU",2001,2040357
"RU",2002,2362477
"RU",2003,2704920
"RU",2004,3070402
"RU",2005,3534771
"RU",2006,4080135
"RU",2007,4672450
"RU",2008,5280338
"RU",2009,5801650
"RU",2010,6395661
"RU",2011,6852271
"RU",2012,7445466
"RU",2013,7635518
"RU",2014,7936116
"RU",2015,8479587
"RU",2016,9192586
"RU",2017,9601758
"RU",2018,10020953
"RU",2019,9893714
"RU",2020,9401234
"RU",2021,8793195
"RU",2022,8193915
"RW",2000,821
"RW",2001,921
"RW",2002,1038
"RW",2003,1181
"RW",2004,1436
"RW",2005,1751
"RW",2006,2262
"RW",2007,2886
"RW",2008,3719
"RW",2009,6022
"RW",2010,10141
"RW",2011,14956
"RW",2012,22917
"RW",2013,32873
"RW",2014,42226
"RW",2015,50666
"RW",2016,50676
"RW",2017,50691
"RW",2018,50697
"RW",2019,50699
"RW",2020,50702
"RW",2021,50704
"RW",2022,50704
"SA",2000,8205
"SA",2001,8756
"SA",2002,9449
"SA",2003,10172
"SA",2004,11075
"SA",2005,11974
"SA",2006,13083
"SA",2007,14489
"SA",2008,16013
"SA",2009,17412
"SA",2010,18018
"SA",2011,18524
"SA",2012,19016
"SA",2013,19529
"SA",2014,19945
"SA",2015,20310
"SA",2016,20591
"SA",2017,20838
"SA",2018,21074
"SA",2019,21263
"SA",2020,21381
"SA",2021,21407
"SA",2022,21396
"SB",2000,1
"SB",2001,1
"SB",2002,1
"SB",2003,1
"SB",2004,1
"SB",2005,1
"SB",2006,1
"SB",2007,1
"SB",2008,1
"SB",2009,1
"SB",2010,1
"SB",2011,1
"SB",2012,1
"SB",2013,1
"SB",2014,1
"SB",2015,1
"SB",2016,1
"SB",2017,1
"SB",2018,1
"SB",2019,1
"SB",2020,1
"SB",2021,1
"SB",2022,1
"SC",2000,70
"SC",2001,78
"SC",2002,83
"SC",2003,106
"SC",2004,189
"SC",2005,350
"SC",2006,485
"SC",2007,566
"SC",2008,626
"SC",2009,686
"SC",2010,755
"SC",2011,823
"SC",2012,885
"SC",2013,949
"SC",2014,1011
"SC",2015,1067
"SC",2016,1107
"SC",2017,1137
"SC",2018,1167
"SC",2019,1193
"SC",2020,1209
"SC",2021,1210
"SC",2022,1205
"SD",2000,237
"SD",2001,248
"SD",2002,263
"SD",2003,285
"SD",2004,303
"SD",2005,323
"SD",2006,335
"SD",2007,351
"SD",2008,370
"SD",2009,384
"SD",2010,403
"SD",2011,415
"SD",2012,426
"SD",2013,433
"SD",2014,438
"SD",2015,441
"SD",2016,444
"SD",2017,447
"SD",2018,448
"SD",2019,449
"SD",2020,449
"SD",2021,448
"SD",2022,447
"SE",2000,510912
"SE",2001,540436
"SE",2002,569205
"SE",2003,599586
"SE",2004,634846
"SE",2005,679508
"SE",2006,720738
"SE",2007,771550
"SE",2008,823280
"SE",2009,872170
"SE",2010,941947
"SE",2011,1018026
"SE",2012,1092475
"SE",2013,1158479
"SE",2014,1224909
"SE",2015,1286498
"SE",2016,1356093
"SE",2017,1425054
"SE",2018,1495503
"SE",2019,1565317
"SE",2020,1653232
"SE",2021,1739814
"SE",2022,1737719
"SG",2000,80011
"SG",2001,85410
"SG",2002,92042
"SG",2003,100131
"SG",2004,110001
"SG",2005,121082
"SG",2006,133896
"SG",2007,149521
"SG",2008,176016
"SG",2009,194884
"SG",2010,215949
"SG",2011,239898
"SG",2012,268685
"SG",2013,303448
"SG",2014,348912
"SG",2015,400507
"SG",2016,461133
"SG",2017,522685
"SG",2018,558023
"SG",2019,580713
"SG",2020,592892
"SG",2021,613710
"SG",2022,579237
"SI",2000,79363
"SI",2001,84722
"SI",2002,91099
"SI",2003,97572
"SI",2004,105947
"SI",2005,115406
"SI",2006,125948
"SI",2007,138468
"SI",2008,150576
"SI",2009,158080
"SI",2010,167195
"SI",2011,177257
"SI",2012,188042
"SI",2013,195729
"SI",2014,204147
"SI",2015,215094
"SI",2016,230053
"SI",2017,240833
"SI",2018,248910
"SI",2019,254496
"SI",2020,256500
"SI",2021,261449
"SI",2022,257827
"SK",2000,135799
"SK",2001,148787
"SK",2002,163648
"SK",2003,180597
"SK",2004,202117
"SK",2005,223360
"SK",2006,247397
"SK",2007,271793
"SK",2008,297692
"SK",2009,320961
"SK",2010,348300
"SK",2011,376714
"SK",2012,406258
"SK",2013,445124
"SK",2014,475126
"SK",2015,485310
"SK",2016,525954
"SK",2017,577287
"SK",2018,626712
"SK",2019,684138
"SK",2020,737488
"SK",2021,767560
"SK",2022,775542
"SL",2000,39
"SL",2001,41
"SL",2002,44
"SL",2003,46
"SL",2004,48
"SL",2005,53
"SL",2006,55
"SL",2007,59
"SL",2008,62
"SL",2009,64
"SL",2010,73
"SL",2011,77
"SL",2012,82
"SL",2013,88
"SL",2014,94
"SL",2015,95
"SL",2016,97
"SL",2017,100
"SL",2018,104
"SL",2019,105
"SL",2020,108
"SL",2021,110
"SL",2022,111
"SM",2000,6
"SM",2001,6
"SM",2002,6
"SM",2003,6
"SM",2004,6
"SM",2005,7
"SM",2006,7
"SM",2007,7
"SM",2008,7
"SM",2009,7
"SM",2010,7
"SM",2011,7
"SM",2012,7
"SM",2013,7
"SM",2014,7
"SM",2015,7
"SM",2016,7
"SM",2017,7
"SM",2018,7
"SM",2019,7
"SM",2020,7
"SM",2021,7
"SM",2022,7
"SN",2000,152
"SN",2001,156
"SN",2002,165
"SN",2003,168
"SN",2004,172
"SN",2005,178
"SN",2006,182
"SN",2007,186
"SN",2008,189
"SN",2009,338
"SN",2010,491
"SN",2011,691
"SN",2012,2164
"SN",2013,3905
"SN",2014,5461
"SN",2015,7242
"SN",2016,9000
"SN",2017,10138
"SN",2018,10196
"SN",2019,10197
"SN",2020,10197
"SN",2021,10197
"SN",2022,10197
"SO",2000,15
"SO",2001,18
"SO",2002,22
"SO",2003,23
"SO",2004,24
"SO",2005,24
"SO",2006,28
"SO",2007,29
"SO",2008,30
"SO",2009,31
"SO",2010,36
"SO",2011,37
"SO",2012,39
"SO",2013,42
"SO",2014,44
"SO",2015,44
"SO",2016,46
"SO",2017,47
"SO",2018,51
"SO",2019,526
"SO",2020,527
"SO",2021,529
"SO",2022,528
"SR",2000,9
"SR",2001,10
"SR",2002,11
"SR",2003,11
"SR",2004,11
"SR",2005,11
"SR",2006,11
"SR",2007,11
"SR",2008,11
"SR",2009,11
"SR",2010,11
"SR",2011,11
"SR",2012,11
"SR",2013,11
"SR",2014,11
"SR",2015,11
"SR",2016,11
"SR",2017,11
"SR",2018,11
"SR",2019,11
"SR",2020,11
"SR",2021,11
"SR",2022,11
"SS",2000,3
"SS",2001,4
"SS",2002,4
"SS",2003,4
"SS",2004,5
"SS",2005,8
"SS",2006,10
"SS",2007,13
"SS",2008,13
"SS",2009,14
"SS",2010,19
"SS",2011,28
"SS",2012,31
"SS",2013,36
"SS",2014,36
"SS",2015,37
"SS",2016,37
"SS",2017,37
"SS",2018,37
"SS",2019,37
"SS",2020,37
"SS",2021,37
"SS",2022,37
"ST",2000,7
"ST",2001,8
"ST",2002,9
"ST",2003,9
"ST",2004,10
"ST",2005,12
"ST",2006,12
"ST",2007,12
"ST",2008,12
"ST",2009,12
"ST",2010,14
"ST",2011,14
"ST",2012,14
"ST",2013,14
"ST",2014,14
"ST",2015,129
"ST",2016,412
"ST",2017,655
"ST",2018,869
"ST",2019,1078
"ST",2020,1192
"ST",2021,1193
"ST",2022,1193
"SV",2000,8354
"SV",2001,8913
"SV",2002,9497
"SV",2003,10100
"SV",2004,10801
"SV",2005,11534
"SV",2006,12274
"SV",2007,12989
"SV",2008,13615
"SV",2009,14232
"SV",2010,14798
"SV",2011,15355
"SV",2012,15839
"SV",2013,16192
"SV",2014,16568
"SV",2015,16916
"SV",2016,17231
"SV",2017,17528
"SV",2018,17730
"SV",2019,17872
"SV",2020,17906
"SV",2021,17918
"SV",2022,17917
"SY",2000,265
"SY",2001,275
"SY",2002,284
"SY",2003,295
"SY",2004,310
"SY",2005,325
"SY",2006,344
"SY",2007,363
"SY",2008,379
"SY",2009,391
"SY",2010,399
"SY",2011,405
"SY",2012,408
"SY",2013,409
"SY",2014,413
"SY",2015,415
"SY",2016,415
"SY",2017,418
"SY",2018,420
"SY",2019,420
"SY",2020,422
"SY",2021,422
"SY",2022,422
"SZ",2000,11435
"SZ",2001,12585
"SZ",2002,13947
"SZ",2003,15284
"SZ",2004,17023
"SZ",2005,18921
"SZ",2006,20870
"SZ",2007,22420
"SZ",2008,23908
"SZ",2009,25409
"SZ",2010,26970
"SZ",2011,28416
"SZ",2012,29988
"SZ",2013,31926
"SZ",2014,34344
"SZ",2015,36728
"SZ",2016,39220
"SZ",2017,41735
"SZ",2018,44140
"SZ",2019,46797
"SZ",2020,48454
"SZ",2021,48454
"SZ",2022,48453
"TD",2000,26
"TD",2001,28
"TD",2002,33
"TD",2003,35
"TD",2004,35
"TD",2005,37
"TD",2006,41
"TD",2007,42
"TD",2008,42
"TD",2009,43
"TD",2010,46
"TD",2011,53
"TD",2012,56
"TD",2013,61
"TD",2014,64
"TD",2015,68
"TD",2016,73
"TD",2017,73
"TD",2018,74
"TD",2019,77
"TD",2020,210
"TD",2021,210
"TD",2022,210
"TG",2000,80
"TG",2001,86
"TG",2002,98
"TG",2003,112
"TG",2004,125
"TG",2005,139
"TG",2006,154
"TG",2007,171
"TG",2008,191
"TG",2009,213
"TG",2010,255
"TG",2011,293
"TG",2012,324
"TG",2013,359
"TG",2014,382
"TG",2015,406
"TG",2016,422
"TG",2017,432
"TG",2018,447
"TG",2019,462
"TG",2020,492
"TG",2021,1210
"TG",2022,1276
"TH",2000,138087
"TH",2001,151110
"TH",2002,166540
"TH",2003,186140
"TH",2004,207012
"TH",2005,229757
"TH",2006,251746
"TH",2007,271826
"TH",2008,294728
"TH",2009,319097
"TH",2010,351640
"TH",2011,387470
"TH",2012,434404
"TH",2013,487613
"TH",2014,536581
"TH",2015,585945
"TH",2016,638355
"TH",2017,702628
"TH",2018,763910
"TH",2019,819661
"TH",2020,863842
"TH",2021,923004
"TH",2022,947890
"TJ",2000,1919
"TJ",2001,2691
"TJ",2002,3728
"TJ",2003,4234
"TJ",2004,5104
"TJ",2005,6066
"TJ",2006,7130
"TJ",2007,10384
"TJ",2008,16288
"TJ",2009,32509
"TJ",2010,66091
"TJ",2011,87830
"TJ",2012,109686
"TJ",2013,140796
"TJ",2014,182435
"TJ",2015,223005
"TJ",2016,249035
"TJ",2017,279791
"TJ",2018,310477
"TJ",2019,338231
"TJ",2020,369612
"TJ",2021,378976
"TJ",2022,369031
"TL",2000,NA
"TL",2001,NA
"TL",2002,NA
"TL",2003,NA
"TL",2004,NA
"TL",2005,NA
"TL",2006,NA
"TL",2007,NA
"TL",2008,NA
"TL",2009,NA
"TL",2010,NA
"TL",2011,NA
"TL",2012,NA
"TL",2013,NA
"TL",2014,NA
"TL",2015,NA
"TL",2016,NA
"TL",2017,NA
"TL",2018,NA
"TL",2019,NA
"TL",2020,NA
"TL",2021,NA
"TL",2022,NA
"TM",2000,3
"TM",2001,3
"TM",2002,3
"TM",2003,3
"TM",2004,3
"TM",2005,3
"TM",2006,3
"TM",2007,3
"TM",2008,3
"TM",2009,3
"TM",2010,3
"TM",2011,3
"TM",2012,3
"TM",2013,3
"TM",2014,3
"TM",2015,3
"TM",2016,3
"TM",2017,3
"TM",2018,3
"TM",2019,3
"TM",2020,3
"TM",2021,3
"TM",2022,3
"TN",2000,131426
"TN",2001,146350
"TN",2002,158567
"TN",2003,172193
"TN",2004,184668
"TN",2005,197374
"TN",2006,210910
"TN",2007,227456
"TN",2008,243648
"TN",2009,260736
"TN",2010,280924
"TN",2011,300817
"TN",2012,322911
"TN",2013,344610
"TN",2014,366559
"TN",2015,388803
"TN",2016,412611
"TN",2017,436210
"TN",2018,462989
"TN",2019,495300
"TN",2020,527144
"TN",2021,549345
"TN",2022,549345
"TO",2000,2
"TO",2001,2
"TO",2002,2
"TO",2003,2
"TO",2004,2
"TO",2005,2
"TO",2006,2
"TO",2007,2
"TO",2008,2
"TO",2009,2
"TO",2010,2
"TO",2011,2
"TO",2012,2
"TO",2013,2
"TO",2014,2
"TO",2015,2
"TO",2016,1
"TO",2017,1
"TO",2018,1
"TO",2019,1
"TO",2020,1
"TO",2021,1
"TO",2022,1
"TR",2000,145838
"TR",2001,155155
"TR",2002,166185
"TR",2003,178468
"TR",2004,194996
"TR",2005,220256
"TR",2006,270665
"TR",2007,306453
"TR",2008,324959
"TR",2009,357872
"TR",2010,413758
"TR",2011,482189
"TR",2012,544426
"TR",2013,540484
"TR",2014,530032
"TR",2015,508894
"TR",2016,501610
"TR",2017,496293
"TR",2018,490043
"TR",2019,488361
"TR",2020,486684
"TR",2021,484934
"TR",2022,483550
"TT",2000,72
"TT",2001,73
"TT",2002,76
"TT",2003,76
"TT",2004,76
"TT",2005,78
"TT",2006,80
"TT",2007,80
"TT",2008,80
"TT",2009,81
"TT",2010,81
"TT",2011,81
"TT",2012,82
"TT",2013,83
"TT",2014,83
"TT",2015,83
"TT",2016,83
"TT",2017,83
"TT",2018,83
"TT",2019,83
"TT",2020,83
"TT",2021,84
"TT",2022,84
"TV",2000,NA
"TV",2001,NA
"TV",2002,NA
"TV",2003,NA
"TV",2004,NA
"TV",2005,NA
"TV",2006,NA
"TV",2007,NA
"TV",2008,NA
"TV",2009,NA
"TV",2010,NA
"TV",2011,NA
"TV",2012,NA
"TV",2013,NA
"TV",2014,NA
"TV",2015,NA
"TV",2016,NA
"TV",2017,NA
"TV",2018,NA
"TV",2019,NA
"TV",2020,NA
"TV",2021,NA
"TV",2022,NA
"TZ",2000,32083
"TZ",2001,34273
"TZ",2002,36673
"TZ",2003,38838
"TZ",2004,40986
"TZ",2005,44925
"TZ",2006,48691
"TZ",2007,53585
"TZ",2008,59218
"TZ",2009,64561
"TZ",2010,70950
"TZ",2011,77292
"TZ",2012,85974
"TZ",2013,93466
"TZ",2014,101848
"TZ",2015,106449
"TZ",2016,125229
"TZ",2017,139969
"TZ",2018,152598
"TZ",2019,173861
"TZ",2020,198920
"TZ",2021,228660
"TZ",2022,241978
"UA",2000,332549
"UA",2001,377486
"UA",2002,418325
"UA",2003,459088
"UA",2004,500688
"UA",2005,542916
"UA",2006,580718
"UA",2007,609734
"UA",2008,627148
"UA",2009,637181
"UA",2010,649764
"UA",2011,665171
"UA",2012,679823
"UA",2013,696094
"UA",2014,717709
"UA",2015,756921
"UA",2016,815569
"UA",2017,834928
"UA",2018,860908
"UA",2019,899419
"UA",2020,766380
"UA",2021,811183
"UA",2022,810697
"UG",2000,44320
"UG",2001,49160
"UG",2002,54415
"UG",2003,59791
"UG",2004,66790
"UG",2005,74899
"UG",2006,82816
"UG",2007,91372
"UG",2008,100778
"UG",2009,110940
"UG",2010,121664
"UG",2011,137133
"UG",2012,152687
"UG",2013,168634
"UG",2014,186000
"UG",2015,205627
"UG",2016,224087
"UG",2017,224085
"UG",2018,224086
"UG",2019,224058
"UG",2020,224029
"UG",2021,224007
"UG",2022,223975
"US",2000,9420857
"US",2001,10142307
"US",2002,10728177
"US",2003,11320841
"US",2004,12069787
"US",2005,12991053
"US",2006,13725338
"US",2007,14676684
"US",2008,15605025
"US",2009,16518623
"US",2010,17981814
"US",2011,18888319
"US",2012,19722619
"US",2013,20476714
"US",2014,21233741
"US",2015,21968908
"US",2016,22658733
"US",2017,23669921
"US",2018,22537530
"US",2019,22744296
"US",2020,22424585
"US",2021,22120894
"US",2022,21625469
"UY",2000,19689
"UY",2001,21129
"UY",2002,22469
"UY",2003,24541
"UY",2004,27010
"UY",2005,29765
"UY",2006,32172
"UY",2007,36409
"UY",2008,39351
"UY",2009,41385
"UY",2010,44234
"UY",2011,47463
"UY",2012,50439
"UY",2013,53326
"UY",2014,55897
"UY",2015,58969
"UY",2016,61289
"UY",2017,65357
"UY",2018,68403
"UY",2019,69993
"UY",2020,70048
"UY",2021,70036
"UY",2022,70036
"UZ",2000,81974
"UZ",2001,94997
"UZ",2002,110614
"UZ",2003,129401
"UZ",2004,154909
"UZ",2005,185663
"UZ",2006,245511
"UZ",2007,291035
"UZ",2008,323440
"UZ",2009,383425
"UZ",2010,416259
"UZ",2011,449561
"UZ",2012,477532
"UZ",2013,512263
"UZ",2014,551628
"UZ",2015,587829
"UZ",2016,632188
"UZ",2017,671655
"UZ",2018,697360
"UZ",2019,771735
"UZ",2020,854385
"UZ",2021,872994
"UZ",2022,614902
"VC",2000,3
"VC",2001,3
"VC",2002,3
"VC",2003,3
"VC",2004,3
"VC",2005,3
"VC",2006,3
"VC",2007,3
"VC",2008,3
"VC",2009,3
"VC",2010,3
"VC",2011,3
"VC",2012,3
"VC",2013,3
"VC",2014,3
"VC",2015,3
"VC",2016,3
"VC",2017,3
"VC",2018,3
"VC",2019,3
"VC",2020,3
"VC",2021,3
"VC",2022,3
"VE",2000,5519
"VE",2001,6089
"VE",2002,6582
"VE",2003,7236
"VE",2004,8315
"VE",2005,9697
"VE",2006,11117
"VE",2007,12433
"VE",2008,13707
"VE",2009,14949
"VE",2010,16245
"VE",2011,17791
"VE",2012,19712
"VE",2013,22017
"VE",2014,24565
"VE",2015,28339
"VE",2016,32476
"VE",2017,32717
"VE",2018,32717
"VE",2019,32717
"VE",2020,32717
"VE",2021,32717
"VE",2022,32717
"VN",2000,18471
"VN",2001,25375
"VN",2002,33873
"VN",2003,44156
"VN",2004,58798
"VN",2005,74652
"VN",2006,93730
"VN",2007,120059
"VN",2008,149572
"VN",2009,190579
"VN",2010,234037
"VN",2011,277020
"VN",2012,320978
"VN",2013,378998
"VN",2014,440861
"VN",2015,527667
"VN",2016,622696
"VN",2017,731388
"VN",2018,843890
"VN",2019,953181
"VN",2020,953216
"VN",2021,953228
"VN",2022,934859
"VU",2000,3
"VU",2001,3
"VU",2002,3
"VU",2003,3
"VU",2004,3
"VU",2005,3
"VU",2006,3
"VU",2007,3
"VU",2008,3
"VU",2009,3
"VU",2010,3
"VU",2011,3
"VU",2012,3
"VU",2013,3
"VU",2014,3
"VU",2015,3
"VU",2016,3
"VU",2017,3
"VU",2018,3
"VU",2019,3
"VU",2020,3
"VU",2021,3
"VU",2022,3
"WS",2000,249
"WS",2001,267
"WS",2002,275
"WS",2003,294
"WS",2004,310
"WS",2005,336
"WS",2006,372
"WS",2007,400
"WS",2008,440
"WS",2009,488
"WS",2010,547
"WS",2011,614
"WS",2012,676
"WS",2013,735
"WS",2014,823
"WS",2015,902
"WS",2016,976
"WS",2017,1082
"WS",2018,1185
"WS",2019,1309
"WS",2020,1391
"WS",2021,1449
"WS",2022,1432
"YE",2000,155
"YE",2001,159
"YE",2002,161
"YE",2003,165
"YE",2004,171
"YE",2005,175
"YE",2006,183
"YE",2007,185
"YE",2008,191
"YE",2009,206
"YE",2010,234
"YE",2011,239
"YE",2012,245
"YE",2013,249
"YE",2014,251
"YE",2015,253
"YE",2016,257
"YE",2017,257
"YE",2018,257
"YE",2019,259
"YE",2020,259
"YE",2021,259
"YE",2022,259
"ZA",2000,313144
"ZA",2001,347607
"ZA",2002,387119
"ZA",2003,427110
"ZA",2004,472644
"ZA",2005,531775
"ZA",2006,595683
"ZA",2007,666132
"ZA",2008,735796
"ZA",2009,816815
"ZA",2010,901967
"ZA",2011,999488
"ZA",2012,1127857
"ZA",2013,1264123
"ZA",2014,1366235
"ZA",2015,1639981
"ZA",2016,2015269
"ZA",2017,2412268
"ZA",2018,2811885
"ZA",2019,3114200
"ZA",2020,3468346
"ZA",2021,3914570
"ZA",2022,3944797
"ZM",2000,64527
"ZM",2001,72548
"ZM",2002,79624
"ZM",2003,87649
"ZM",2004,97096
"ZM",2005,106769
"ZM",2006,116539
"ZM",2007,129537
"ZM",2008,145235
"ZM",2009,162638
"ZM",2010,181309
"ZM",2011,204768
"ZM",2012,229328
"ZM",2013,257217
"ZM",2014,284126
"ZM",2015,310550
"ZM",2016,335079
"ZM",2017,361787
"ZM",2018,383636
"ZM",2019,383649
"ZM",2020,383657
"ZM",2021,383664
"ZM",2022,383664
"ZW",2000,369
"ZW",2001,388
"ZW",2002,410
"ZW",2003,427
"ZW",2004,441
"ZW",2005,464
"ZW",2006,481
"ZW",2007,503
"ZW",2008,527
"ZW",2009,548
"ZW",2010,570
"ZW",2011,587
"ZW",2012,602
"ZW",2013,626
"ZW",2014,640
"ZW",2015,655
"ZW",2016,664
"ZW",2017,670
"ZW",2018,679
"ZW",2019,682
"ZW",2020,686
"ZW",2021,687
"ZW",2022,687
